CSA2010,artbus11,artbus12,artemp11,artemp12,libcard11,libcard12,tpop10,male10,female10,paa10,pwhite10,pasi10,p2more10,ppac10,phisp10,racdiv10,age5_10,age18_10,age24_10,age64_10,age65_10,hhs10,femhhs10,fam10,hhsize10,mhhi12,hh25inc12,hh40inc12,hh60inc12,hh75inc12,hhm7512,hhpov12,hhchpov12,crime10,crime11,crime12,viol10,viol11,viol12,prop11,prop12,juvarr11,juvviol11,juvdrug11,domvio10,domvio11,shoot11,caslt11,narc11,caracc11,gunhom11,gunhom12,eattend10,eattend11,eattend12,mattend10,mattend11,mattend12,hsattend10,hsattend11,hsattend12,eenrol11,eenrol12,menrol11,menrol12,hsenrol11,hsenrol12,aastud10,aastud11,aastud12,wstud10,wstud11,wstud12,hstud10,hstud11,hstud12,abse10,abse11,abse12,absmd10,absmd11,absmd12,abshs10,abshs11,abshs12,susp10,susp11,susp12,farms10,farms11,farms12,sped10,sped11,sped12,ready11,ready12,math310,math311,math312,read310,read311,read312,math510,math511,math512,read510,read511,read512,math810,math811,math812,read810,read811,read812,hsaeng10,hsaeng11,hsaeng12,hsabio10,hsabio11,hsabio12,hsagov10,hsagov11,hsaalg10,hsaalg11,hsaalg12,drop10,drop11,drop12,compl10,compl11,compl12,sclsw11,sclsw12,sclemp12,teenbir10,teenbir11,teenbir12,termbir10,termbir11,termbir12,birthwt10,birthwt11,birthwt12,prenatal10,prenatal11,prenatal12,leadtest10,leadtest11,leadtest12,ebl10,ebl11,ebl12,tanf11,tanf12,liquor11,liquor12,fastfd11,hfai12,lifeexp11,lifeexp12,mort1_11,mort1_12,mort14_11,mort_14_12,mort24_11,mort24_12,mort44_11,mort44_12,mort64_11,mort64_12,mort84_11,mort84_12,mort85_11,mort85_12,shomes10,shomes11,shomes12,salepr10,salepr11,salepr12,dom10,dom11,dom12,reosa11,reosa12,cashsa11,cashsa12,fore10,fore11,fore12,ownroc10,ownroc11,ownroc12,nomail10,nomail11,nomail12,totalres10,totalres11,totalres12,affordm12,affordr12,homtax11,homtax12,owntax11,owntax12,histax12,resrehab10,resrehab11,resrehab12,constper11,constper12,vacant10,vacant11,vacant12,baltvac11,baltvac12,vio10,vio11,vio12,demper11,demper12,regvote10,regvote12,voted10,voted12,dirtyst10,dirtyst11,dirtyst12,clogged10,clogged11,clogged12,drvalone12,carpool12,pubtran12,walked12,trav14_12,trav29_12,trav44_12,trav45_12,trees07,cmos11,waterc11,heatgas12,elheat12,novhcl12,weather10,weather11,weather12,wlksc11,bkln12,othrcom12,empl12,unempl12,nilf12,unempr12,lesshs12,hsdipl12,somecol12,wrkout10,wrkout11,comprop10,comprop11,comprop12,crehab10,crehab11,crehab12,banks11,banks12,numbus10,numbus11,numbus12,totemp10,totemp11,totemp12,smlbus10,smlbus11,smlbus12,biz1_10,biz1_11,biz1_12,biz2_10,biz2_11,biz2_12,biz4_10,biz4_11,biz4_12,neiind10,neiind11,neiind12,neibus10,neibus11,neibus12,neiemp10,neiemp11,neiemp12
Allendale/Irvington/S. Hilton,0.0,0.0,0.0,0.0,194.7,206.0,16217.0,7246.0,8971.0,88.2,8.3,0.5,1.3,0.5,1.3,22.9,6.6,18.4,10.3,51.9,12.8,6098.0,63.6,35.9,2.6,33177.66,37.8,19.0,14.5,10.5,18.3,19.8,35.9,40.6,46.2,45.4,12.6,12.5,13.9,33.7,31.6,54.8,12.4,22.2,59.4,65.4,2.5,84.4,78.8,44.0,0.2,0.6,1118.0,1037.0,999.0,747.0,624.0,586.0,1064.0,930.0,862.0,965.0,973.0,582.0,568.0,852.0,833.0,94.9,93.9,93.0,2.9,3.5,3.9,0.8,1.5,2.1,14.7,20.6,15.6,28.8,20.0,14.7,41.2,38.3,39.0,9.5,10.4,10.0,86.1,86.1,79.3,16.9,16.7,17.3,68.4,70.6,67.2,73.5,69.8,59.6,60.9,59.6,67.0,55.9,65.0,76.1,69.2,81.0,23.7,27.9,38.0,45.1,54.4,62.4,38.0,34.1,32.3,41.0,31.2,32.2,53.0,46.0,19.9,20.6,17.9,3.8,4.9,2.7,80.3,83.9,78.1,6.8,9.6,71.0,55.0,58.1,45.9,85.3,86.0,84.3,87.4,83.8,83.8,51.9,55.3,57.0,386.0,166.0,187.0,0.0,0.0,0.0,10.2,12.5,0.7,0.9,0.6,7.8,70.0,70.4,14.8,16.9,3.2,1.9,18.2,19.0,41.9,39.8,134.3,129.4,453.8,430.3,1326.5,1381.4,118.0,80.0,76.0,42500.0,30000.0,47500.0,85.0,55.0,58.0,53.5,29.3,78.2,76.1,2.6,1.3,2.0,66.0,61.6,61.8,9.0,8.7,8.4,5568.0,5551.0,5554.0,49.8,53.2,599.9,550.8,69.0,62.3,0.0,1.3,1.6,1.4,0.0,0.9,4.3,4.7,5.1,3.0,2.8,5.0,5.3,3.3,0.4,0.2,83.4,82.8,45.3,57.0,41.7,41.0,48.1,4.2,4.6,6.2,61.7,12.1,19.9,4.5,12.7,40.0,25.7,21.6,32.7,6.0,16.0,68.1,18.9,31.0,0.5,0.4,0.4,44.0,2.4,1.7,57.7,13.6,29.1,19.2,24.5,64.5,11.0,60.3,59.0,279.0,278.0,284.0,13.3,8.6,13.7,0.0,0.0,269.0,237.0,253.0,2778.0,2502.0,2629.0,255.0,226.0,242.0,8.9,11.0,9.5,19.3,15.6,24.5,33.8,29.1,34.8,183.0,161.0,162.0,11.3,9.9,10.0,1503.0,1378.0,1370.0
Beechfield/Ten Hills/West Hills,0.1,0.2,4.0,7.0,153.2,152.5,12264.0,5566.0,6698.0,78.9,16.8,0.8,1.5,0.4,1.6,36.2,6.5,16.7,10.2,56.2,10.5,5076.0,51.4,33.6,2.4,50135.12,18.7,19.2,24.0,10.6,27.5,8.3,15.1,33.6,36.1,36.6,8.4,7.2,7.0,28.9,29.6,22.0,9.1,5.3,47.9,44.8,2.0,51.2,24.7,31.9,0.2,0.2,574.0,647.0,605.0,349.0,351.0,370.0,511.0,516.0,494.0,597.0,583.0,317.0,364.0,463.0,474.0,95.4,95.6,95.6,2.1,2.5,2.5,0.6,1.2,1.1,6.4,17.9,9.9,11.7,11.1,10.3,29.9,31.4,29.1,8.1,6.7,8.4,76.3,77.8,69.6,12.7,12.9,14.0,44.2,71.8,76.7,75.9,73.6,69.9,69.2,73.8,79.8,63.2,74.6,88.3,78.7,80.3,29.2,39.6,39.8,56.7,77.0,66.7,43.6,37.1,36.8,47.6,41.3,45.9,60.1,52.3,24.6,22.7,28.1,2.0,1.9,3.0,85.9,80.3,82.1,5.1,5.6,81.1,42.8,21.4,42.8,87.5,90.6,89.5,91.7,90.6,90.1,64.3,67.1,63.0,0.0,199.0,0.0,0.0,0.0,0.0,4.5,5.8,0.2,0.1,0.7,15.6,74.1,74.7,12.8,11.8,1.8,1.8,18.7,15.2,24.0,19.8,89.2,96.1,339.4,329.0,1539.7,1349.2,72.0,84.0,64.0,142250.0,120000.0,144501.0,102.0,74.0,69.0,38.5,9.0,32.1,25.4,2.1,1.0,1.4,82.7,79.5,81.0,2.3,2.6,2.8,3557.0,3575.0,3599.0,43.3,49.9,740.4,641.6,56.5,52.5,0.6,1.9,3.1,1.8,4.8,0.8,0.3,0.4,0.8,6.7,3.7,2.0,3.1,1.3,0.0,0.0,79.7,81.6,52.6,61.9,10.5,12.2,13.9,3.4,3.3,4.8,75.9,8.6,13.2,1.7,15.2,45.3,25.0,14.5,48.1,7.0,17.0,76.9,14.4,16.0,0.5,0.3,0.4,32.5,4.2,0.7,66.9,10.1,23.2,13.3,14.2,63.5,22.3,62.5,66.9,47.0,47.0,46.0,25.5,27.7,4.3,0.1,0.1,154.0,136.0,141.0,1462.0,1329.0,1383.0,148.0,130.0,134.0,3.9,8.1,4.3,22.1,12.5,12.1,32.5,30.1,29.8,98.0,87.0,88.0,8.0,7.1,7.2,753.0,663.0,684.0
Belair-Edison,0.1,0.2,24.0,26.0,319.4,310.2,17416.0,7891.0,9525.0,86.9,9.9,0.5,1.1,0.3,1.2,24.6,6.9,20.2,10.9,54.0,8.0,6174.0,63.7,40.6,2.9,46743.28,26.3,17.8,19.5,14.7,21.6,12.5,25.5,50.3,57.1,52.7,13.3,14.1,14.9,43.0,37.7,54.8,17.5,16.2,51.1,57.8,1.5,77.6,50.2,45.4,0.3,0.3,1162.0,1241.0,1174.0,831.0,773.0,746.0,1219.0,1178.0,1126.0,1160.0,1141.0,741.0,723.0,1084.0,1091.0,96.9,97.0,96.7,1.3,1.5,1.4,0.3,0.7,1.2,14.0,18.9,16.8,12.4,13.1,14.9,41.1,44.0,41.5,9.9,8.6,8.7,85.5,84.4,78.8,16.0,16.7,17.4,69.0,57.6,76.9,68.1,70.4,69.8,67.7,62.2,74.8,60.3,70.1,79.0,69.8,76.4,30.6,44.8,38.0,57.3,65.6,57.5,32.5,33.4,32.2,36.9,33.7,32.7,39.0,40.7,23.0,18.7,18.6,4.0,4.2,3.8,82.9,79.9,77.4,7.2,7.6,78.5,67.6,56.8,58.1,84.0,82.5,82.0,87.7,84.5,83.8,63.9,63.3,63.2,200.0,256.0,356.0,7.5,2.0,1.4,10.1,11.1,0.8,0.7,1.0,10.3,71.5,72.5,21.3,15.0,2.2,2.2,26.4,23.6,30.1,26.2,100.6,105.6,345.3,335.7,1984.3,1842.5,153.0,127.0,132.0,56000.0,44000.0,60000.0,94.0,66.0,46.0,41.1,23.2,66.7,67.4,3.2,1.7,2.3,67.2,64.8,64.5,6.2,6.7,8.7,6295.0,6296.0,6292.0,44.5,63.9,613.7,582.8,57.5,52.6,0.0,1.4,1.9,1.8,0.0,0.3,1.5,1.7,2.0,0.9,0.0,2.2,3.2,2.6,0.0,0.3,81.7,83.2,46.6,59.8,90.2,66.3,79.1,4.1,6.1,3.8,66.9,12.2,16.3,2.7,10.1,38.3,32.0,19.6,20.1,6.0,17.0,71.8,11.2,27.2,0.6,0.3,0.6,62.3,0.2,1.8,62.3,12.0,25.8,16.3,18.8,67.2,14.0,48.5,49.4,165.0,165.0,165.0,8.5,10.9,8.5,0.2,0.1,225.0,224.0,251.0,1590.0,1540.0,1605.0,217.0,217.0,244.0,8.9,12.1,7.6,22.7,18.8,23.5,31.6,31.3,38.6,172.0,172.0,189.0,9.9,9.9,10.9,1044.0,915.0,1008.0
Brooklyn/Curtis Bay/Hawkins Point,0.1,0.2,9.0,12.0,229.7,194.2,14243.0,6981.0,7262.0,35.9,47.8,1.7,4.1,0.7,9.8,66.7,10.2,18.2,11.1,53.5,7.1,5204.0,51.0,39.5,2.6,33526.36,35.0,23.3,18.1,11.6,12.0,23.8,37.6,81.7,79.1,62.1,25.3,21.3,15.2,57.8,46.9,83.3,16.8,30.8,68.0,74.1,2.9,158.5,101.1,39.9,0.3,0.2,1011.0,1093.0,997.0,525.0,481.0,479.0,615.0,537.0,552.0,966.0,933.0,420.0,446.0,474.0,534.0,58.9,58.3,58.2,31.1,31.6,30.2,6.6,8.3,9.5,19.6,19.8,20.1,21.3,24.5,24.0,36.3,46.9,48.2,8.0,6.7,7.6,85.8,88.5,78.5,20.3,18.5,18.6,42.9,84.2,82.4,75.9,78.0,74.5,69.2,63.2,70.8,60.9,63.1,81.2,74.0,72.5,32.5,26.5,38.1,56.3,68.1,62.8,39.2,36.8,30.9,45.4,37.7,46.2,55.6,48.4,30.5,25.5,21.3,5.2,3.5,4.8,78.5,75.4,70.5,6.2,8.0,91.9,111.1,94.6,63.8,83.1,82.3,85.0,89.9,86.7,91.4,50.9,47.2,49.6,0.0,360.0,374.0,0.0,0.0,0.0,13.8,14.8,1.5,1.4,0.8,8.6,69.7,69.5,7.7,7.9,3.1,4.4,17.2,13.4,36.5,34.7,145.8,155.4,466.6,468.9,1776.0,1568.0,104.0,86.0,84.0,58005.0,42950.0,47050.0,108.0,67.5,59.0,42.6,23.7,73.4,72.0,2.8,1.3,1.8,50.4,46.2,46.9,8.9,8.8,9.9,4283.0,4259.0,4256.0,38.8,51.4,382.0,364.4,51.0,47.2,0.0,1.3,1.0,1.2,0.5,0.5,3.7,4.2,5.0,2.7,3.8,3.7,4.3,3.1,0.9,3.8,53.6,53.3,30.1,28.3,91.5,112.1,82.8,4.2,5.8,5.5,51.9,20.0,20.7,3.5,22.6,28.8,28.0,20.5,15.1,7.0,17.0,70.1,23.0,33.8,1.4,9.1,0.9,17.7,3.2,3.9,56.6,14.5,29.3,20.5,34.2,59.5,6.4,72.7,75.8,880.0,838.0,856.0,5.2,7.4,13.7,0.1,0.1,329.0,414.0,317.0,6127.0,6696.0,4945.0,297.0,386.0,291.0,2.7,7.5,6.9,10.9,15.0,14.8,21.9,30.7,23.0,161.0,208.0,153.0,11.3,14.6,10.7,1227.0,1463.0,1114.0
Canton,0.0,0.0,0.0,0.0,267.8,235.3,8100.0,4011.0,4089.0,4.0,86.0,3.4,1.3,0.4,5.0,28.3,4.1,3.0,10.5,71.5,10.9,4310.0,19.8,8.8,1.9,84978.14,9.8,8.4,15.0,11.6,55.1,1.8,13.2,61.0,64.8,57.9,8.3,7.7,6.7,57.2,51.2,81.5,14.8,7.4,34.3,39.6,0.0,46.2,4.0,32.8,0.0,0.0,90.0,76.0,89.0,32.0,37.0,38.0,49.0,37.0,30.0,69.0,82.0,32.0,36.0,30.0,26.0,19.6,17.2,19.1,59.8,54.6,51.3,17.5,19.0,21.1,7.8,6.6,6.7,21.9,13.5,13.2,22.4,29.7,20.0,8.5,7.5,3.5,73.5,71.0,61.8,17.5,14.9,11.6,84.2,45.5,100.0,75.0,88.9,90.0,83.3,77.8,81.8,50.0,76.9,100.0,71.4,92.3,77.8,66.7,45.5,88.9,75.0,72.7,42.9,30.8,55.6,50.0,25.0,78.6,18.2,63.6,39.3,42.9,37.5,4.1,8.1,0.0,75.0,66.7,100.0,2.7,1.9,92.1,46.5,23.3,0.0,94.6,93.7,90.6,94.6,97.6,92.9,73.9,79.4,79.5,96.0,124.0,130.0,0.0,0.0,0.0,1.4,0.9,4.6,4.9,1.1,16.9,77.0,77.4,5.7,1.8,0.0,0.0,6.6,8.8,2.8,3.3,78.8,74.8,373.3,384.2,1539.5,1407.9,230.0,199.0,288.0,251000.0,231000.0,261200.0,82.0,58.0,27.0,14.0,3.9,26.6,20.1,1.8,0.5,0.6,69.9,67.9,68.7,7.7,7.4,6.4,4013.0,4017.0,4025.0,38.2,35.0,448.3,355.8,46.6,43.0,28.1,4.0,5.3,6.6,0.3,1.0,0.9,0.7,0.8,0.0,0.0,0.6,0.4,0.5,0.0,0.5,79.5,71.5,43.2,52.0,32.8,38.5,38.3,6.3,8.9,5.9,80.6,3.8,6.2,5.8,18.5,44.8,23.5,13.2,9.6,3.0,12.0,65.8,29.7,11.0,0.0,0.0,0.1,89.2,2.8,3.6,84.6,3.6,12.0,4.0,8.6,30.2,61.2,53.7,50.5,205.0,210.0,208.0,14.1,13.3,13.5,0.5,0.2,314.0,322.0,364.0,2653.0,2516.0,2921.0,307.0,316.0,352.0,7.6,10.9,11.5,17.8,17.7,26.1,33.4,34.2,39.0,214.0,230.0,248.0,26.4,28.4,30.6,2029.0,1887.0,2211.0
Cedonia/Frankford,0.2,0.3,12.0,15.0,216.3,212.3,23557.0,10788.0,12769.0,78.5,15.1,2.3,1.8,0.4,2.0,37.5,7.3,17.2,11.6,55.3,8.7,9348.0,55.3,34.5,2.5,39556.12,29.9,20.2,18.0,12.6,19.3,17.3,25.5,43.7,48.4,46.7,12.0,11.3,12.1,37.1,34.6,46.5,9.5,10.7,60.2,70.2,0.8,10.7,22.8,26.5,0.3,0.3,1284.0,1451.0,1425.0,729.0,844.0,758.0,1477.0,1315.0,1251.0,1309.0,1337.0,767.0,734.0,1178.0,1182.0,91.3,88.5,86.3,3.5,4.2,4.1,0.9,1.2,1.8,10.5,13.8,10.0,9.1,12.1,13.5,35.5,36.3,32.0,9.1,6.7,6.8,80.5,80.9,73.1,16.9,15.7,16.0,75.4,74.6,65.7,72.1,71.5,55.8,66.0,62.9,67.9,58.6,72.2,72.9,74.9,67.7,31.9,41.3,36.1,52.2,59.5,53.6,31.0,30.2,31.4,39.4,34.1,32.7,44.2,41.1,22.7,21.1,18.7,2.6,3.0,3.8,82.1,82.3,83.9,5.2,6.5,90.2,48.9,42.1,38.7,83.8,86.3,84.8,84.4,85.7,86.5,56.6,61.6,63.8,240.0,199.0,320.0,0.0,0.0,0.0,8.5,10.5,0.6,0.8,0.8,12.3,72.8,72.8,13.7,15.2,2.3,2.3,12.3,12.8,27.8,28.7,95.7,95.4,434.6,434.6,1560.0,1480.0,195.0,171.0,141.0,103225.0,88000.0,94500.0,98.5,71.0,48.0,42.6,16.9,45.4,42.2,2.9,1.3,2.4,79.2,76.5,76.1,4.8,5.2,6.2,6294.0,6290.0,6286.0,53.8,59.5,720.5,683.4,69.3,68.7,0.0,1.9,1.6,2.1,0.5,1.1,0.7,0.6,1.1,2.6,1.4,1.6,2.6,1.0,0.2,0.0,73.9,78.5,46.6,56.2,22.5,24.2,24.3,2.5,5.6,3.1,68.5,12.1,17.2,1.7,10.1,40.0,27.4,22.6,28.8,6.0,18.0,73.4,18.1,25.2,0.4,0.3,0.6,57.4,2.2,0.5,65.3,9.6,25.0,12.9,20.0,68.1,11.9,53.1,50.0,231.0,231.0,231.0,7.8,9.5,6.9,0.3,0.1,426.0,379.0,407.0,3281.0,2935.0,2963.0,414.0,368.0,397.0,9.4,10.6,9.8,22.3,17.7,21.1,36.2,33.5,35.6,316.0,280.0,297.0,13.4,11.9,12.6,2255.0,1998.0,2073.0
Cherry Hill,0.1,0.1,50.0,4.0,323.6,299.3,8202.0,3343.0,4859.0,95.1,1.6,0.2,1.1,0.3,1.6,11.2,11.4,24.3,12.1,43.8,8.4,3145.0,80.7,45.4,2.6,22980.54,48.3,20.5,11.9,10.1,9.3,40.8,55.3,60.0,64.7,59.1,22.6,22.2,19.6,42.6,39.5,61.6,13.8,29.4,62.9,71.1,6.0,110.2,97.4,25.2,0.5,0.4,833.0,818.0,845.0,412.0,391.0,420.0,584.0,547.0,514.0,778.0,817.0,370.0,412.0,507.0,493.0,97.6,97.9,96.9,0.5,0.8,1.0,0.0,0.7,1.6,14.3,21.5,18.9,17.0,19.2,19.5,44.2,50.6,46.7,10.5,7.2,10.5,91.3,92.3,88.5,19.6,17.7,17.9,68.3,82.1,69.6,57.9,64.7,68.5,54.1,56.7,64.3,52.3,64.1,67.5,55.7,67.3,34.0,32.7,29.7,54.9,57.0,45.9,29.7,29.6,27.2,32.0,27.2,36.4,43.6,40.7,23.2,25.0,21.9,3.9,4.9,3.2,76.4,85.3,84.4,8.9,9.6,86.2,57.6,60.5,63.4,80.9,79.6,83.1,88.8,79.0,89.8,57.2,52.5,57.2,198.0,322.0,382.0,0.0,0.0,0.0,21.9,23.5,0.1,0.1,0.7,8.8,68.7,68.8,15.2,14.8,3.4,3.4,21.9,21.9,47.2,47.2,140.2,142.7,473.4,442.5,1423.1,1461.5,9.0,8.0,6.0,69000.0,61050.0,16000.0,141.0,92.0,28.0,15.4,6.7,61.5,86.7,2.0,1.0,0.6,54.7,53.0,53.0,3.1,3.3,4.4,988.0,985.0,985.0,24.2,43.4,510.7,500.5,67.0,66.0,0.0,0.4,0.5,0.2,0.0,0.0,3.4,3.7,4.0,5.4,5.1,2.9,5.2,2.4,0.0,0.0,82.5,82.3,34.9,53.1,11.7,12.7,7.2,1.2,3.7,2.9,42.8,17.9,37.3,2.0,17.1,37.0,20.2,25.7,19.0,0.0,17.0,63.8,30.1,51.0,15.7,74.4,8.1,38.1,2.8,0.0,51.3,14.7,34.3,22.3,23.3,69.6,7.1,57.1,53.2,91.0,93.0,93.0,29.7,38.7,23.7,0.0,0.0,88.0,138.0,100.0,872.0,1198.0,1190.0,84.0,132.0,95.0,3.4,9.4,5.0,5.7,18.8,16.0,14.8,26.8,21.0,47.0,85.0,56.0,5.7,10.4,6.8,353.0,625.0,641.0
Chinquapin Park/Belvedere,0.1,0.1,10.0,10.0,236.7,247.9,7756.0,3527.0,4229.0,69.0,23.2,1.7,1.8,0.6,3.7,49.5,7.2,14.2,11.1,56.2,11.5,3359.0,51.5,29.3,2.3,42852.96,27.8,19.1,17.0,10.9,25.2,9.4,13.0,43.6,33.4,44.5,12.6,7.1,9.0,26.3,35.5,37.9,10.2,7.3,39.7,44.2,0.3,60.1,17.9,38.9,0.0,0.4,381.0,391.0,388.0,228.0,216.0,207.0,351.0,338.0,306.0,368.0,369.0,203.0,199.0,301.0,291.0,93.3,91.7,90.4,3.6,4.7,4.8,0.4,2.0,2.7,10.5,12.3,10.6,9.2,10.6,6.3,34.5,29.6,31.7,6.5,7.2,8.0,79.6,75.7,68.1,15.4,16.7,16.6,68.1,73.1,86.6,87.0,89.4,82.1,83.1,80.6,73.8,75.0,79.5,87.7,83.8,83.3,30.3,37.3,41.5,42.4,51.7,59.7,44.7,38.1,31.3,44.0,32.7,35.8,47.1,56.2,22.7,23.6,14.8,4.3,2.4,2.6,76.4,84.1,82.4,5.6,7.3,82.3,50.6,84.4,63.3,87.0,89.3,89.4,92.6,87.7,90.2,63.9,58.2,49.2,146.0,233.0,138.0,0.0,0.0,0.0,5.6,7.3,1.3,0.8,0.4,15.3,75.4,74.9,11.1,11.3,1.6,1.6,9.0,12.5,18.3,18.3,97.9,107.1,316.3,311.3,1576.5,1694.1,74.0,59.0,63.0,117450.0,130000.0,124000.0,103.0,78.0,54.0,24.2,11.5,40.3,31.1,2.0,0.9,1.6,74.0,70.3,71.6,6.0,5.3,4.3,2694.0,2688.0,2689.0,36.7,59.4,674.9,636.7,61.0,58.0,0.0,2.3,1.8,1.3,0.0,0.0,0.3,0.6,0.7,0.0,5.6,2.3,3.8,2.9,0.4,0.0,83.2,85.9,51.2,61.9,26.3,32.1,47.3,5.0,4.3,6.1,71.6,8.5,10.6,6.6,21.7,36.2,23.7,18.4,39.4,3.0,15.0,70.2,21.7,21.8,0.4,0.3,0.6,74.6,0.8,2.8,69.5,9.3,21.4,11.9,13.2,52.9,33.9,55.1,48.4,57.0,57.0,56.0,10.5,17.5,21.4,0.3,0.4,140.0,128.0,145.0,1170.0,1153.0,1211.0,136.0,124.0,140.0,5.7,7.0,9.7,21.4,10.9,20.0,32.1,28.9,35.2,106.0,99.0,107.0,13.7,12.8,13.8,880.0,868.0,891.0
Claremont/Armistead,0.4,0.4,22.0,22.0,182.7,161.9,8231.0,3717.0,4514.0,53.1,32.2,0.5,2.0,0.9,11.4,66.7,8.3,18.5,10.4,53.2,9.5,3419.0,57.1,35.3,2.4,31970.51,42.2,18.2,16.9,5.3,17.4,15.8,31.4,52.6,63.2,49.0,13.2,12.6,8.9,50.5,40.1,18.7,7.7,3.3,60.4,68.8,0.9,10.9,19.9,60.1,0.1,0.1,538.0,605.0,575.0,267.0,259.0,274.0,343.0,356.0,338.0,548.0,557.0,234.0,257.0,309.0,323.0,58.7,57.4,56.2,23.8,20.9,19.2,14.4,18.6,21.6,14.1,12.7,9.9,15.4,13.9,12.4,41.4,44.7,42.0,4.8,4.8,3.8,81.9,86.6,81.0,15.6,13.6,13.8,77.6,86.8,82.9,86.5,83.5,57.3,77.7,68.7,70.1,72.6,75.0,83.6,77.9,77.4,32.6,43.2,48.7,56.2,60.8,67.6,27.3,35.9,32.5,51.9,46.0,38.7,48.2,43.1,28.6,21.6,22.2,3.2,1.4,6.1,80.3,81.5,78.4,4.9,6.4,84.4,48.9,48.9,45.1,83.0,89.2,89.5,83.0,90.0,91.1,47.2,50.8,63.7,240.0,222.0,244.0,0.0,0.0,0.0,7.9,7.7,1.1,0.9,0.9,7.4,73.1,72.7,0.0,3.1,1.1,0.0,11.7,10.1,19.4,19.4,127.1,132.1,500.0,522.9,1195.1,1268.3,16.0,18.0,6.0,139000.0,135000.0,79200.0,135.0,43.0,49.0,31.6,20.0,52.6,40.0,4.7,0.8,2.0,76.6,70.9,75.2,3.6,3.9,4.6,725.0,755.0,745.0,46.0,49.7,543.1,567.8,46.4,44.3,0.0,1.5,2.7,4.6,6.6,49.7,0.0,0.3,0.3,0.0,0.0,3.3,2.8,3.6,0.0,0.0,60.7,60.9,37.8,39.0,8.1,12.6,17.1,1.6,2.9,3.0,64.5,14.1,18.4,2.4,13.5,25.6,35.8,25.1,28.0,1.0,25.0,82.1,16.1,26.1,1.0,0.5,0.7,31.0,1.3,0.6,61.5,9.2,29.7,13.1,25.9,65.4,8.7,56.7,61.6,183.0,182.0,186.0,10.4,7.7,9.1,0.0,0.0,177.0,185.0,190.0,2681.0,3024.0,2749.0,162.0,168.0,176.0,7.3,7.0,7.9,14.7,14.1,16.8,27.7,26.5,28.4,76.0,77.0,86.0,9.2,9.4,10.4,1124.0,1243.0,1137.0
Clifton-Berea,0.0,0.0,0.0,0.0,279.5,263.3,9874.0,4473.0,5401.0,96.3,1.1,0.3,1.1,0.3,1.0,7.9,7.5,18.0,10.5,48.5,15.5,3529.0,70.0,34.7,2.8,24883.93,50.0,18.5,13.4,10.4,7.7,25.6,43.7,57.9,61.0,56.4,23.3,23.5,20.0,37.5,36.5,144.9,33.2,63.7,49.7,63.5,7.3,121.0,201.9,47.0,0.6,0.8,879.0,787.0,754.0,523.0,439.0,426.0,784.0,678.0,588.0,734.0,734.0,410.0,420.0,605.0,577.0,98.2,98.6,98.4,0.3,0.6,0.7,0.4,0.5,0.5,15.4,23.0,16.6,18.0,21.0,21.6,42.2,48.5,51.0,10.4,11.3,10.2,89.9,91.9,82.9,16.8,16.3,15.9,69.4,78.1,62.5,77.7,57.5,62.5,67.6,48.9,64.6,53.9,50.7,70.8,61.7,52.1,25.2,33.6,26.9,42.8,53.9,43.9,24.5,26.1,23.0,33.5,25.8,29.5,40.2,34.3,23.1,20.0,20.3,4.6,5.5,6.0,77.7,80.8,81.3,8.9,9.9,82.5,72.0,61.7,77.1,82.8,85.6,85.7,83.6,88.1,90.3,52.2,56.9,64.0,0.0,0.0,0.0,0.0,0.0,0.0,21.0,25.3,1.9,1.7,0.9,8.8,65.1,66.4,21.5,17.6,3.1,3.1,41.3,31.9,66.8,59.5,195.0,185.6,415.4,416.9,1449.3,1468.6,87.0,76.0,40.0,13250.0,16050.0,21250.0,71.0,44.5,36.0,53.1,14.6,90.6,85.4,1.7,0.5,0.9,35.8,34.4,34.0,9.5,8.8,9.6,4783.0,4756.0,4738.0,40.6,55.7,162.7,135.5,30.7,27.0,0.2,1.7,1.2,1.5,0.0,0.0,24.5,23.7,24.1,17.4,15.7,11.3,12.7,11.8,4.8,4.0,91.5,89.5,40.3,57.5,167.2,171.9,167.7,10.9,9.9,9.9,46.1,12.7,38.5,1.8,11.8,32.7,28.9,26.6,8.3,25.0,14.0,65.6,16.8,49.3,0.4,0.4,0.3,58.3,0.5,1.0,46.5,12.1,42.1,21.0,27.6,64.0,8.4,49.1,45.8,149.0,149.0,150.0,6.7,4.7,19.3,0.0,0.0,182.0,169.0,164.0,2009.0,1487.0,1448.0,173.0,161.0,156.0,4.9,7.7,5.5,15.9,11.2,13.4,34.1,29.0,26.2,132.0,126.0,120.0,13.4,12.8,12.2,709.0,732.0,721.0
Cross-Country/Cheswolde,0.2,0.4,9.0,11.0,78.3,104.3,13034.0,5956.0,7078.0,20.4,72.1,3.7,1.2,0.4,2.2,44.3,9.1,18.4,9.8,43.5,19.2,5341.0,19.5,27.6,2.4,55840.22,19.2,13.7,21.2,9.8,36.2,11.7,16.3,15.4,15.3,14.7,1.8,1.2,1.2,14.0,13.5,13.8,1.4,0.0,22.6,19.4,0.0,12.2,1.6,9.6,0.0,0.0,194.0,259.0,254.0,108.0,140.0,128.0,124.0,160.0,144.0,232.0,244.0,122.0,125.0,139.0,138.0,74.4,75.2,79.2,4.9,8.4,6.4,4.7,6.6,6.8,8.8,8.1,5.9,1.9,4.3,6.3,26.6,26.3,22.9,5.9,3.2,3.8,56.4,63.1,56.8,14.3,14.1,14.2,43.9,70.7,86.4,83.0,81.5,90.9,84.4,75.9,66.7,85.4,76.2,76.2,90.2,90.5,58.3,54.3,64.9,72.2,76.5,89.5,42.4,46.2,43.6,73.1,53.8,46.7,63.3,51.2,34.0,40.0,23.5,2.4,3.1,0.7,76.9,80.0,75.8,2.9,3.9,99.2,0.0,15.5,6.7,93.2,95.9,92.5,95.1,96.8,93.8,60.2,68.3,62.5,408.0,351.0,391.0,0.0,0.0,0.0,0.8,1.7,0.0,0.0,0.0,0.0,88.0,84.2,9.2,2.1,0.7,2.2,2.2,5.5,2.6,5.8,31.8,58.3,78.3,214.4,292.2,918.7,53.0,69.0,86.0,165000.0,143500.0,111250.0,120.5,109.0,60.0,7.4,4.2,55.6,55.6,0.9,0.2,0.5,84.4,83.4,83.6,1.7,1.9,2.2,2914.0,2918.0,2925.0,49.0,41.2,732.0,617.1,71.6,61.2,0.3,2.8,2.8,3.1,0.7,2.1,0.1,0.2,0.1,0.0,0.0,0.4,0.6,0.3,0.0,1.0,83.1,89.7,54.5,67.2,3.3,8.8,6.9,1.1,2.2,4.3,72.1,13.4,12.0,2.2,21.8,39.3,25.6,13.3,47.7,2.0,24.0,59.8,35.2,11.5,0.3,0.5,1.1,43.1,3.3,0.4,73.0,5.7,21.4,7.2,5.9,42.0,52.2,59.6,53.8,24.0,24.0,24.0,20.8,16.7,16.7,0.0,0.0,209.0,193.0,207.0,1088.0,979.0,1151.0,207.0,191.0,204.0,3.3,9.3,5.8,22.0,13.0,19.3,40.7,38.9,38.2,138.0,124.0,132.0,10.6,9.5,10.1,563.0,517.0,612.0
Dickeyville/Franklintown,0.0,0.0,0.0,0.0,114.4,124.1,4101.0,1733.0,2368.0,87.8,8.2,0.5,1.0,0.6,1.9,23.4,8.3,18.2,11.7,53.1,8.7,1877.0,66.8,34.5,2.2,32487.0,40.3,18.0,22.2,6.6,12.8,22.8,30.3,49.5,42.2,38.0,7.1,6.1,8.5,36.1,29.5,29.5,6.8,11.3,55.4,57.5,1.0,67.5,19.3,51.0,0.0,0.5,219.0,233.0,209.0,124.0,115.0,103.0,183.0,157.0,150.0,210.0,187.0,101.0,97.0,139.0,147.0,97.5,97.8,96.7,0.5,1.0,2.0,0.5,0.9,1.1,10.5,12.4,7.7,22.6,19.1,10.7,36.1,38.2,42.0,8.9,7.6,7.2,81.4,82.0,72.3,9.8,11.7,13.3,57.5,80.9,94.4,60.0,78.6,88.9,60.0,73.8,73.5,66.7,90.3,85.3,76.9,83.9,21.3,26.8,40.0,48.9,70.7,52.0,43.1,47.6,32.7,47.6,42.2,33.3,51.1,48.6,20.5,22.4,25.0,2.7,1.3,2.0,78.6,80.0,84.8,6.9,7.1,100.0,21.1,28.2,35.2,85.5,94.2,92.3,85.5,94.2,88.5,63.6,57.7,55.8,110.0,0.0,0.0,0.0,0.0,0.0,7.9,7.7,0.2,0.2,0.2,0.0,72.2,73.4,25.0,18.6,2.4,2.4,24.8,12.4,19.9,19.9,106.9,108.9,403.8,410.3,1488.4,1348.8,4.0,8.0,11.0,245000.0,140625.0,225000.0,218.5,80.5,114.0,62.5,15.4,50.0,15.4,1.5,0.3,0.3,70.9,45.6,69.2,0.9,0.9,1.8,333.0,319.0,318.0,45.1,53.3,551.7,506.3,37.6,34.6,0.0,3.9,2.2,3.1,0.0,0.0,1.5,1.4,4.7,0.0,0.0,4.5,5.0,1.6,0.0,0.0,63.8,69.5,41.1,47.4,3.2,3.2,7.6,0.7,1.5,1.5,67.9,5.3,25.9,0.0,16.9,35.3,22.4,25.4,72.1,2.0,18.5,68.0,27.3,40.2,0.0,0.3,0.0,17.1,0.0,0.9,62.4,9.1,28.4,12.7,16.3,62.9,20.7,58.1,54.7,29.0,30.0,30.0,3.4,16.7,46.7,0.0,0.0,32.0,39.0,32.0,258.0,310.0,212.0,31.0,37.0,31.0,3.1,5.1,9.4,15.6,12.8,18.8,37.5,35.9,28.1,18.0,17.0,14.0,4.4,4.1,3.4,135.0,91.0,82.0
Dorchester/Ashburton,0.1,0.1,6.0,6.0,206.3,209.6,11786.0,5238.0,6548.0,96.1,1.3,0.3,0.8,0.4,1.0,8.5,6.0,15.6,9.6,51.9,16.9,4565.0,58.0,31.2,2.6,36715.14,35.8,19.6,15.6,8.2,20.8,17.2,23.5,52.4,50.7,48.7,15.4,16.4,13.5,34.3,35.2,56.3,11.8,14.3,51.6,49.0,2.3,82.7,82.8,45.8,0.3,0.3,578.0,644.0,642.0,404.0,376.0,340.0,732.0,656.0,599.0,607.0,618.0,352.0,331.0,599.0,580.0,97.6,97.4,97.1,0.4,1.2,0.9,0.2,0.9,1.1,11.1,14.0,11.2,9.4,13.8,13.2,37.0,35.5,32.1,9.3,8.7,9.2,78.6,79.2,73.3,16.4,15.9,17.4,40.3,65.0,82.1,73.9,72.5,78.6,73.0,66.1,71.9,72.1,78.7,80.2,85.6,79.7,31.4,38.2,31.1,60.2,61.8,59.1,37.6,37.9,29.7,38.7,32.2,35.2,50.6,43.8,21.8,19.8,17.2,4.5,3.0,4.1,80.7,79.3,81.8,7.7,9.8,92.1,49.3,49.3,35.2,87.2,85.3,83.7,85.7,84.5,87.0,56.4,58.9,61.0,0.0,0.0,0.0,0.0,0.0,0.0,6.3,8.3,0.3,0.3,0.8,10.0,73.4,74.0,8.5,10.3,2.1,3.2,13.5,17.2,33.3,28.9,113.2,112.6,393.7,359.7,1294.1,1245.7,84.0,73.0,57.0,68150.0,80000.0,100000.0,120.0,75.0,59.0,45.9,27.3,55.3,50.0,2.8,1.5,2.0,73.6,67.8,70.1,8.8,9.1,7.3,3421.0,3421.0,3419.0,50.2,63.9,691.0,654.9,86.5,73.1,0.0,1.9,2.4,2.8,0.6,0.3,3.3,3.2,3.3,4.3,4.4,2.5,2.5,1.8,0.3,1.8,81.3,79.8,51.4,59.9,33.9,40.0,37.0,2.6,4.7,4.8,65.9,10.2,21.1,0.9,13.0,43.9,18.1,25.0,30.1,4.0,18.0,76.0,14.8,23.9,0.4,0.3,0.3,55.9,3.1,1.9,60.4,12.1,27.4,16.7,14.0,67.8,18.2,53.8,62.2,116.0,116.0,117.0,7.8,6.0,6.0,0.0,0.0,173.0,177.0,184.0,1438.0,1173.0,1430.0,166.0,172.0,177.0,12.1,10.7,12.0,23.7,20.9,23.9,37.6,32.8,39.7,136.0,137.0,141.0,11.5,11.6,12.0,727.0,564.0,822.0
Downtown/Seton Hill,4.5,5.6,132.0,144.0,507.0,328.1,6446.0,3164.0,3282.0,37.0,39.2,15.9,2.8,0.6,4.5,68.8,3.4,4.6,20.6,67.6,3.8,3676.0,59.0,8.6,1.6,41365.85,42.3,17.7,16.3,9.5,14.3,20.1,58.6,424.4,417.4,331.4,97.9,94.1,64.8,323.3,266.5,1005.6,355.6,227.8,91.9,102.2,12.0,599.1,389.8,550.2,0.5,0.2,111.0,78.0,94.0,45.0,56.0,43.0,80.0,75.0,72.0,75.0,86.0,54.0,42.0,65.0,69.0,93.0,92.2,89.1,2.2,2.8,4.8,1.1,0.4,2.4,8.1,23.1,12.8,22.2,25.0,14.0,40.0,36.0,38.9,4.8,7.5,8.9,84.4,86.6,76.2,17.0,18.4,17.3,70.4,91.3,60.0,80.0,66.7,60.0,85.0,80.0,62.5,77.8,46.2,79.2,44.4,61.5,23.5,25.0,33.3,52.9,37.5,55.6,41.2,45.0,53.6,33.3,43.5,35.0,47.1,36.8,32.4,25.0,13.8,5.0,1.3,0.0,82.4,90.9,93.3,6.7,8.1,82.9,65.2,43.5,21.7,87.5,80.7,80.0,80.4,82.5,80.0,69.6,70.2,64.0,49.0,47.0,76.0,0.0,0.0,0.0,6.7,6.9,8.5,8.5,22.3,6.7,64.0,65.0,12.9,9.0,15.5,20.7,2.9,7.1,22.0,15.3,214.5,203.5,831.1,785.4,2384.6,2000.0,20.0,17.0,30.0,210450.0,157600.0,197500.0,111.0,105.5,46.0,16.7,13.0,55.6,39.1,5.1,3.9,3.4,43.3,40.7,40.2,4.8,4.7,4.3,670.0,670.0,676.0,62.5,46.2,210.5,284.0,0.0,7.4,59.2,0.9,1.0,0.9,0.0,0.0,8.4,8.9,8.6,55.0,55.2,7.2,11.3,9.0,4.5,3.0,63.8,53.2,30.7,34.9,31.2,43.8,38.8,8.9,11.6,9.5,42.1,6.2,18.3,30.7,32.6,40.9,14.9,11.6,6.7,11.0,29.0,21.5,72.5,35.4,0.0,2.2,0.7,96.7,4.3,2.7,61.6,3.1,35.9,4.9,9.2,25.5,65.3,40.9,39.5,1260.0,1240.0,1240.0,23.3,26.6,25.2,5.6,3.6,2985.0,2730.0,2923.0,85143.0,86930.0,85752.0,2818.0,2594.0,2705.0,7.3,8.5,6.6,19.2,14.3,17.9,35.9,31.1,31.5,2210.0,2041.0,2176.0,456.2,421.3,337.6,58327.0,53390.0,62369.0
Edmondson Village,0.1,0.1,1.0,1.0,293.0,341.9,7900.0,3478.0,4422.0,96.7,0.8,0.1,1.2,0.4,0.9,7.4,6.4,17.1,11.2,48.3,17.0,2875.0,67.7,35.2,2.7,37537.56,31.5,21.0,20.4,9.4,17.8,21.7,45.1,28.5,40.5,43.8,8.2,10.1,11.1,30.4,32.7,58.7,7.8,29.9,43.4,43.2,2.0,60.6,82.2,28.7,0.5,0.3,520.0,532.0,494.0,325.0,341.0,309.0,614.0,584.0,505.0,504.0,476.0,313.0,304.0,540.0,503.0,99.0,99.0,99.1,0.3,0.3,0.2,0.1,0.5,0.5,16.7,17.1,12.3,38.2,12.9,18.4,45.1,45.5,42.4,11.8,9.5,11.7,86.0,84.0,79.4,16.9,16.2,17.2,77.8,74.5,80.8,54.5,51.0,74.7,53.6,46.9,57.0,65.6,63.9,78.0,77.1,71.4,31.7,31.4,32.0,57.4,52.3,50.0,35.6,33.0,32.1,45.5,32.8,35.0,54.2,43.3,22.3,19.7,18.0,3.1,3.8,1.4,77.7,77.0,83.6,7.5,9.8,97.4,89.5,64.8,49.4,85.0,88.8,88.3,85.0,86.9,86.5,62.6,55.1,60.4,123.0,207.0,132.0,0.0,0.0,5.3,12.0,13.4,0.5,0.1,0.1,6.4,73.2,73.5,12.3,12.7,1.4,0.0,4.8,6.4,39.7,35.0,120.2,120.2,359.6,351.3,1264.7,1338.2,70.0,39.0,49.0,49100.0,41000.0,60000.0,95.0,78.5,59.0,42.1,20.0,63.2,58.2,2.3,0.9,1.7,70.9,64.8,66.6,7.8,8.4,8.0,2843.0,2835.0,2832.0,57.9,57.0,662.8,558.3,107.9,94.3,0.0,2.1,1.7,1.7,0.4,0.4,2.6,2.9,3.4,5.8,4.2,3.8,6.2,1.6,0.0,0.0,93.9,96.0,48.0,68.4,41.4,35.7,34.9,1.8,5.1,3.5,56.6,12.5,29.4,1.5,16.0,42.5,20.0,21.5,53.8,2.0,17.0,63.4,16.5,25.3,0.5,0.4,0.5,52.4,0.0,0.0,60.2,16.0,23.8,20.9,22.1,68.7,9.2,59.3,58.0,32.0,32.0,32.0,6.3,6.3,28.1,0.0,0.0,55.0,58.0,65.0,501.0,380.0,394.0,53.0,57.0,64.0,7.3,10.3,7.7,16.4,17.2,24.6,27.3,32.8,36.9,42.0,41.0,49.0,5.3,5.2,6.2,307.0,200.0,225.0
Fells Point,1.3,1.3,84.0,63.0,249.3,218.3,9039.0,4613.0,4426.0,7.8,69.8,4.6,2.0,0.7,15.1,55.6,4.7,5.0,11.3,71.2,7.7,4717.0,25.7,11.4,2.0,73083.92,20.1,9.4,10.9,10.3,49.3,8.2,30.9,62.3,87.8,91.0,13.5,17.5,17.5,70.4,73.6,27.5,3.9,3.9,40.5,39.9,0.6,74.8,13.5,49.9,0.0,0.0,188.0,162.0,184.0,59.0,54.0,58.0,100.0,72.0,68.0,145.0,176.0,48.0,53.0,60.0,59.0,28.5,16.2,15.1,20.5,26.4,25.9,43.0,51.1,53.1,6.9,4.9,5.4,11.9,5.6,13.8,43.0,48.6,44.1,6.2,4.1,5.2,73.8,75.5,71.6,16.6,13.7,15.6,64.0,50.0,87.8,92.3,86.1,78.0,73.1,82.9,75.9,72.7,84.6,82.8,90.5,88.5,42.9,42.9,72.7,76.2,57.1,72.7,41.7,22.2,51.9,42.9,31.3,66.7,50.0,72.2,44.4,26.7,31.8,4.0,2.8,8.3,72.2,92.3,53.8,3.1,1.9,90.7,88.9,44.4,100.0,94.2,96.2,93.7,94.2,94.0,97.2,59.1,69.2,76.2,137.0,215.0,114.0,0.0,0.0,0.0,1.6,1.2,4.1,4.1,1.9,10.2,76.8,76.8,0.0,4.2,0.0,0.0,7.1,5.3,7.7,8.6,77.1,82.8,398.7,378.9,1644.4,1488.9,170.0,173.0,178.0,215500.0,205000.0,226500.0,122.5,60.0,35.0,21.8,8.0,29.9,27.3,1.6,0.8,0.7,53.2,51.5,51.9,7.0,6.8,3.7,4058.0,4073.0,4076.0,33.2,36.3,349.6,304.7,37.1,28.9,41.5,4.4,3.7,4.7,0.3,0.0,1.0,1.1,0.9,0.0,0.0,2.1,1.9,1.3,1.0,0.0,74.2,68.9,41.4,43.8,49.7,41.5,53.3,9.5,9.0,6.9,63.1,8.5,9.0,16.2,23.5,46.4,18.6,11.5,7.2,5.0,13.0,52.3,45.3,16.0,0.0,0.0,0.0,93.9,3.8,3.1,81.4,5.1,14.1,5.9,10.7,25.7,63.6,47.4,43.1,526.0,527.0,528.0,9.9,13.1,20.3,0.6,0.6,491.0,462.0,514.0,5649.0,5572.0,5929.0,474.0,445.0,495.0,8.4,7.6,7.4,20.6,12.1,19.1,34.6,30.5,31.7,362.0,346.0,376.0,40.0,38.3,41.6,4801.0,4742.0,5020.0
Forest Park/Walbrook,0.2,0.2,3.0,3.0,279.1,262.7,9849.0,4469.0,5380.0,94.9,2.2,0.1,1.1,0.4,1.3,10.8,6.2,16.0,10.7,52.7,14.3,3943.0,62.5,31.0,2.5,36737.15,37.4,15.3,21.1,4.0,22.2,17.8,38.3,48.7,45.3,46.8,10.4,11.8,11.8,33.5,35.0,27.4,4.7,5.7,51.4,51.1,3.5,74.1,91.1,31.6,0.6,0.8,551.0,583.0,548.0,369.0,330.0,318.0,603.0,535.0,463.0,528.0,532.0,305.0,310.0,487.0,446.0,97.8,97.8,97.9,0.5,0.5,0.6,0.4,1.1,0.9,13.1,14.8,8.4,16.3,17.6,17.0,41.1,43.2,40.0,8.1,9.0,9.0,83.9,84.2,76.4,19.9,18.1,17.9,70.7,75.4,83.8,82.5,80.4,74.3,80.6,79.3,75.3,75.5,85.1,85.4,87.3,84.3,17.4,30.1,32.5,47.1,63.9,55.3,39.7,35.7,27.4,46.6,35.9,37.7,50.0,43.4,25.5,24.1,23.5,3.8,4.1,4.6,74.1,76.4,80.2,6.9,9.8,78.7,71.8,58.5,50.5,85.9,85.0,80.4,87.3,83.5,79.0,52.8,42.9,63.6,109.0,169.0,191.0,4.6,3.0,0.0,8.8,11.3,0.5,0.5,0.3,7.8,73.9,73.4,6.1,10.8,4.8,4.8,12.2,10.8,27.9,24.4,113.2,114.6,394.0,392.3,1169.8,1301.9,81.0,87.0,55.0,60250.0,50000.0,50000.0,122.0,63.0,41.0,45.1,16.7,62.6,61.1,4.5,1.5,1.8,63.4,59.9,60.1,11.5,11.3,11.4,2883.0,2881.0,2879.0,43.0,65.8,532.8,546.0,56.2,52.4,0.0,3.8,2.7,2.7,0.7,0.3,5.6,5.7,6.4,0.6,1.1,5.1,5.1,4.6,1.0,0.0,81.1,76.8,45.2,54.0,40.5,53.1,54.3,2.7,7.1,9.7,63.0,11.7,20.4,1.5,7.8,33.4,30.0,28.8,52.5,8.0,20.0,78.0,13.2,28.8,0.1,0.4,0.3,41.5,0.9,3.5,58.5,9.8,31.9,14.4,18.5,61.5,19.9,56.0,60.5,53.0,52.0,52.0,20.8,3.8,7.7,0.0,0.0,146.0,142.0,142.0,767.0,691.0,652.0,144.0,141.0,142.0,13.7,12.0,7.7,26.0,23.9,24.6,39.7,43.0,41.5,114.0,108.0,110.0,11.6,11.0,11.2,549.0,456.0,483.0
Glen-Fallstaff,0.3,0.3,12.0,12.0,125.1,175.3,14914.0,6783.0,8131.0,63.0,27.7,1.4,1.4,0.7,5.7,56.5,6.6,15.4,9.3,50.8,17.9,6414.0,44.8,27.1,2.3,37344.66,34.4,17.9,19.7,6.7,21.1,19.1,26.0,53.6,51.6,55.0,11.7,11.4,13.3,40.2,41.6,41.4,4.8,8.3,47.2,49.3,0.5,70.7,54.0,72.6,0.1,0.0,421.0,589.0,548.0,306.0,333.0,309.0,506.0,468.0,446.0,538.0,527.0,311.0,300.0,411.0,434.0,88.1,87.6,86.3,4.3,3.8,3.8,2.4,6.4,7.9,8.8,11.5,7.1,7.8,9.9,6.1,30.8,30.1,32.1,8.6,7.2,7.0,71.5,75.9,69.3,15.2,15.3,15.4,61.5,67.7,69.3,74.3,80.4,69.3,70.4,69.1,54.5,72.2,69.2,77.9,79.6,81.0,35.0,54.1,48.5,60.2,69.6,63.9,45.2,42.1,46.9,49.1,41.8,50.7,50.0,52.0,27.7,31.0,17.7,2.2,3.8,2.2,79.5,73.4,82.0,5.0,6.1,88.8,49.5,30.5,26.7,90.4,89.4,88.8,94.5,90.4,92.5,56.4,60.6,62.6,164.0,302.0,158.0,0.0,1.7,0.0,3.3,4.7,0.3,0.4,1.9,10.3,95.6,78.5,6.8,7.4,0.0,2.4,2.0,5.0,13.9,23.1,43.7,76.3,137.3,278.3,396.6,1185.5,90.0,73.0,55.0,102600.0,90000.0,127500.0,120.0,60.0,61.0,30.0,20.3,57.5,50.0,2.2,0.9,1.4,78.5,75.6,76.5,4.1,4.3,4.1,3691.0,3685.0,3685.0,50.8,50.6,629.0,675.2,75.2,77.9,0.0,2.7,1.2,2.1,2.2,0.5,0.7,0.8,0.9,0.0,0.0,1.1,1.3,1.4,0.3,0.8,77.1,66.8,49.1,48.7,26.0,24.5,33.5,1.4,3.6,4.5,58.8,11.1,22.9,5.9,20.7,35.3,23.8,20.2,27.7,2.0,19.0,62.9,30.3,28.6,0.5,0.7,0.8,65.7,1.7,1.4,64.1,11.5,24.3,15.1,18.9,55.6,25.5,56.3,42.0,333.0,332.0,332.0,7.5,13.6,7.5,0.3,0.3,711.0,672.0,704.0,8523.0,6052.0,8028.0,683.0,646.0,656.0,8.0,6.3,7.5,21.0,14.6,15.5,33.8,32.6,31.4,484.0,451.0,460.0,32.5,30.2,30.8,3688.0,3542.0,3526.0
Greater Charles Village/Barclay,0.8,0.9,219.0,232.0,244.4,222.4,16391.0,8528.0,7863.0,34.7,43.8,13.3,2.8,0.6,4.8,67.8,3.2,5.1,33.9,50.6,7.3,7040.0,49.3,11.1,2.0,28899.22,42.7,14.5,18.2,5.6,19.0,17.6,32.0,74.3,67.3,69.2,17.1,15.2,16.2,52.1,53.0,324.0,98.0,46.0,43.3,41.3,1.7,76.4,59.7,53.9,0.2,0.3,388.0,359.0,356.0,214.0,200.0,184.0,283.0,282.0,269.0,333.0,346.0,185.0,180.0,245.0,258.0,88.5,84.8,83.2,5.9,7.9,9.3,1.8,3.5,4.1,11.6,14.2,14.9,15.4,13.5,11.4,44.5,43.3,37.2,7.7,5.9,5.4,84.2,83.1,77.5,17.1,14.5,15.2,74.0,67.9,77.3,73.9,82.0,71.1,58.5,75.0,67.1,71.4,77.3,78.9,80.4,80.3,44.3,29.4,38.5,53.2,68.0,71.2,33.3,38.0,46.2,37.1,52.2,49.4,37.3,53.5,28.3,24.7,21.3,3.9,4.6,3.2,76.3,76.9,77.6,8.6,10.0,99.2,9.7,11.6,10.7,86.1,90.7,85.5,88.3,90.7,89.1,56.2,63.6,70.3,84.0,0.0,107.0,0.0,0.0,0.0,8.2,10.5,0.9,1.2,2.1,15.3,76.2,75.1,14.3,15.2,0.0,3.9,2.4,2.4,10.7,11.5,109.5,118.7,385.9,378.1,886.2,1029.9,110.0,108.0,121.0,146000.0,135000.0,185000.0,90.0,73.0,36.0,27.1,9.4,46.9,47.9,1.6,1.0,1.3,44.9,43.6,43.4,5.0,5.4,5.9,3675.0,3675.0,3690.0,31.8,53.5,369.5,365.3,21.2,20.3,12.7,2.7,2.9,4.1,0.0,0.3,9.6,9.0,7.6,42.7,37.1,3.6,6.3,8.4,0.3,11.7,56.2,56.0,39.4,36.5,56.7,56.8,62.4,3.5,4.1,3.6,42.2,8.1,20.4,22.0,29.2,36.4,20.1,14.3,23.1,37.0,17.0,61.1,25.2,43.6,0.5,1.6,0.8,89.9,9.2,7.2,52.4,6.4,41.5,10.9,14.8,39.0,46.2,49.2,58.0,630.0,626.0,614.0,18.9,17.7,20.7,0.2,0.2,884.0,842.0,896.0,10955.0,7377.0,7585.0,862.0,823.0,870.0,10.2,10.0,9.8,21.9,18.5,22.2,40.0,36.5,36.7,668.0,652.0,669.0,40.8,39.8,40.8,8545.0,4879.0,5182.0
Greater Govans,0.2,0.1,10.0,7.0,290.0,279.0,10681.0,4766.0,5915.0,90.9,5.4,0.5,1.3,0.6,1.3,18.6,7.1,17.3,10.0,52.8,12.8,4073.0,60.3,33.9,2.6,38396.2,38.2,17.8,16.8,11.5,15.8,17.7,25.7,42.2,38.2,44.4,12.1,9.2,11.2,29.0,33.1,39.8,13.9,13.9,45.0,42.6,2.4,66.9,51.5,34.1,0.2,0.3,583.0,649.0,613.0,381.0,384.0,347.0,684.0,619.0,555.0,589.0,599.0,361.0,338.0,558.0,518.0,97.3,97.5,97.0,0.6,1.3,1.2,0.4,0.6,1.0,11.7,16.0,9.6,12.1,16.4,10.1,33.8,38.9,35.3,10.1,8.7,7.5,81.7,82.3,75.5,17.9,17.8,16.6,68.4,85.8,85.7,75.2,70.5,84.8,68.3,67.4,67.3,66.1,78.5,81.8,75.6,76.7,43.4,36.2,41.0,64.3,61.5,59.8,40.4,35.7,33.9,40.5,32.9,35.8,45.4,44.9,25.2,25.8,30.1,3.7,4.2,3.9,83.8,91.0,88.7,7.1,10.4,83.1,53.7,68.3,34.1,87.2,87.1,87.7,87.9,87.1,87.7,61.0,57.1,59.4,54.0,123.0,64.0,0.0,0.0,0.0,8.4,10.2,0.3,0.4,0.4,8.9,74.0,74.3,15.1,12.4,0.0,0.0,14.2,14.2,29.9,29.2,102.8,102.8,357.3,360.5,1270.1,1313.9,92.0,61.0,54.0,47094.0,37000.0,62750.0,99.0,50.0,71.0,47.4,25.0,69.2,61.7,2.1,1.1,1.5,64.4,60.6,62.2,8.5,8.5,7.9,3720.0,3730.0,3728.0,40.1,56.6,591.7,561.4,75.6,74.6,0.0,1.5,1.4,2.0,0.0,0.0,4.1,4.0,4.5,16.0,4.8,3.2,4.5,2.4,2.4,1.9,86.0,87.5,46.8,62.3,46.3,51.2,69.9,6.2,7.0,5.4,57.5,9.9,29.3,1.0,15.0,35.3,25.4,24.4,31.8,16.0,15.0,62.8,24.5,32.8,0.4,0.2,0.5,56.7,1.6,2.2,57.6,9.6,31.9,14.2,24.0,61.8,14.2,52.4,49.0,122.0,121.0,120.0,4.1,3.3,10.0,0.0,0.0,149.0,153.0,156.0,989.0,921.0,983.0,146.0,151.0,153.0,7.4,9.2,5.1,26.8,15.7,17.9,38.3,36.6,37.8,107.0,109.0,112.0,10.0,10.2,10.5,535.0,551.0,561.0
Greater Mondawmin,0.5,0.3,26.0,5.0,239.2,233.2,9322.0,4044.0,5278.0,96.2,1.1,0.2,1.2,0.4,0.9,8.2,5.5,15.7,15.5,48.0,15.3,3466.0,66.6,29.9,2.5,38912.26,29.2,21.5,17.9,11.1,20.3,12.8,32.6,112.4,107.1,98.6,24.8,22.0,27.6,85.1,71.0,144.4,22.0,38.7,62.5,65.5,3.0,132.5,169.9,108.3,0.2,0.4,584.0,549.0,533.0,352.0,315.0,307.0,592.0,522.0,478.0,519.0,517.0,299.0,301.0,474.0,465.0,98.2,98.5,98.2,0.2,0.6,0.8,0.0,0.4,0.5,12.3,16.8,10.3,11.6,20.6,14.0,36.0,37.9,32.8,7.5,9.0,8.8,84.1,83.8,76.9,16.3,15.9,15.7,75.3,83.6,80.0,75.5,86.1,69.5,69.4,74.3,76.6,69.5,76.2,81.9,73.7,79.8,27.6,26.4,30.2,44.8,52.3,55.7,29.6,35.6,36.8,38.6,36.4,36.0,37.4,48.4,22.6,24.6,20.5,3.0,4.4,2.9,80.2,83.2,82.4,8.0,8.9,76.6,42.9,32.2,41.1,78.4,85.9,86.1,85.6,87.5,87.8,49.6,57.8,65.2,203.0,59.0,34.0,0.0,0.0,0.0,11.4,12.7,0.6,0.6,1.8,14.0,71.1,71.7,15.9,17.7,6.9,2.7,21.6,15.1,41.0,38.1,129.9,134.0,425.2,418.3,1074.1,1118.5,75.0,52.0,44.0,34000.0,41950.0,28000.0,88.0,69.0,41.0,41.4,29.4,74.1,82.4,2.1,1.1,1.5,55.3,51.6,52.5,12.7,12.6,13.0,3439.0,3437.0,3432.0,32.4,56.7,438.5,376.5,45.7,39.9,0.0,1.3,1.8,1.5,0.0,0.3,10.3,10.3,10.9,6.5,7.2,4.9,5.5,4.8,3.5,0.9,82.4,82.5,43.4,55.9,90.7,94.5,135.5,5.9,10.8,11.0,54.2,12.4,25.3,5.9,12.3,43.7,26.1,17.9,22.3,7.0,16.0,63.7,20.7,33.6,0.6,0.2,0.5,66.1,0.0,2.1,55.2,14.0,31.3,20.4,19.7,65.9,14.4,52.0,47.0,147.0,147.0,147.0,19.0,20.4,15.0,0.2,0.4,225.0,262.0,281.0,4279.0,3732.0,3349.0,209.0,245.0,263.0,8.4,11.1,11.4,16.4,19.5,25.3,31.1,32.1,36.3,152.0,185.0,203.0,16.3,19.8,21.8,2323.0,1798.0,1865.0
Greater Roland Park/Poplar Hill,0.8,0.8,18.0,18.0,486.5,448.3,7377.0,3532.0,3845.0,7.9,77.5,9.8,1.9,0.2,2.6,38.9,4.4,14.5,6.5,56.2,18.4,3398.0,14.1,23.0,2.0,107668.13,9.0,7.7,11.3,8.5,63.5,1.0,2.4,32.1,28.6,29.4,2.0,3.7,2.0,24.9,27.4,21.6,9.3,3.1,32.5,29.0,0.1,15.6,1.6,69.3,0.0,0.0,182.0,256.0,234.0,83.0,98.0,107.0,54.0,83.0,79.0,233.0,226.0,85.0,107.0,69.0,78.0,19.1,23.1,20.9,55.5,59.4,57.6,3.0,3.0,4.5,4.9,3.9,3.0,6.0,5.1,2.8,5.6,8.4,6.3,2.1,1.8,0.6,22.7,15.0,13.7,7.2,6.4,6.8,91.3,85.7,94.9,97.9,90.0,100.0,97.8,92.3,100.0,97.6,96.2,100.0,100.0,100.0,56.0,64.3,92.6,80.0,85.2,92.3,81.8,83.3,92.3,94.1,100.0,85.7,87.5,89.5,68.0,44.4,50.0,0.0,1.2,0.0,100.0,83.3,100.0,1.4,1.2,98.8,0.0,0.0,0.0,94.3,91.1,83.6,94.3,89.3,88.5,74.3,73.2,86.9,132.0,57.0,43.0,0.0,0.0,0.0,0.3,0.3,0.4,0.3,0.7,11.8,84.1,84.4,0.0,3.3,1.8,0.0,5.7,2.8,3.2,2.1,33.2,33.2,213.1,209.7,1317.1,1280.5,90.0,98.0,120.0,380000.0,335000.0,316250.0,110.5,37.0,40.0,12.4,2.6,33.3,28.2,0.4,0.2,0.3,76.7,73.2,75.7,2.7,2.6,2.9,3030.0,3020.0,3021.0,29.5,43.9,608.3,541.5,19.9,21.2,7.6,3.6,3.7,5.3,0.3,0.0,0.1,0.1,0.1,0.0,0.0,0.5,0.8,0.9,0.3,0.3,88.0,90.4,64.7,72.1,12.7,13.0,13.0,5.2,11.9,12.7,75.6,12.2,5.1,4.2,29.1,42.4,16.3,12.2,58.6,1.0,23.0,62.1,19.1,3.0,0.0,0.0,0.0,54.6,6.3,3.0,77.7,3.7,18.1,4.6,1.8,22.8,75.4,44.8,37.3,116.0,116.0,116.0,26.7,12.9,16.4,0.7,0.5,350.0,356.0,395.0,3412.0,3710.0,3812.0,334.0,339.0,372.0,5.7,5.3,8.9,17.4,6.7,16.7,30.9,23.6,28.1,265.0,275.0,293.0,35.9,37.3,39.7,2323.0,2540.0,2544.0
Greater Rosemont,0.1,0.1,10.0,10.0,256.3,265.2,19259.0,8783.0,10476.0,96.6,0.7,0.2,1.3,0.3,1.0,7.6,7.3,18.8,11.0,50.0,12.9,6893.0,68.0,35.4,2.8,26892.76,47.6,19.4,15.5,8.0,9.5,26.2,50.2,63.5,66.4,60.0,19.5,19.0,16.9,47.4,43.1,107.9,21.6,36.7,64.3,62.6,4.2,114.8,148.0,37.7,0.4,0.6,1452.0,1457.0,1444.0,788.0,779.0,804.0,1343.0,1201.0,1131.0,1374.0,1410.0,727.0,780.0,1083.0,1103.0,98.7,98.7,98.2,0.3,0.5,0.6,0.1,0.6,0.9,12.6,16.8,11.1,22.1,15.8,13.7,43.4,49.0,48.2,9.4,7.9,8.0,88.9,88.8,82.2,19.2,18.0,18.1,75.0,75.3,77.1,66.5,66.9,71.2,69.3,57.3,70.2,56.5,66.6,82.4,77.3,67.6,28.1,31.6,29.4,49.8,56.0,53.2,37.9,32.3,27.6,38.4,28.9,33.6,46.7,42.2,22.6,21.0,21.1,4.5,4.2,5.3,77.0,78.0,82.5,8.8,10.3,90.3,80.8,64.7,58.5,87.1,88.6,82.1,87.8,90.5,81.3,52.3,49.6,58.2,479.0,496.0,95.0,1.0,1.6,5.3,16.0,18.4,0.9,1.0,1.4,6.9,69.2,70.1,11.1,13.6,3.1,3.1,16.3,12.4,52.6,46.1,145.8,143.2,461.2,436.0,1323.7,1289.9,190.0,141.0,83.0,29700.0,20000.0,39900.0,101.5,50.0,41.0,52.5,34.9,86.5,87.2,2.3,1.0,1.6,50.9,48.1,47.3,10.5,10.3,10.9,7267.0,7212.0,7189.0,48.7,66.6,357.3,272.5,50.9,44.1,0.0,2.0,1.4,1.5,0.4,0.3,14.9,15.5,16.0,7.9,7.7,5.6,7.0,6.1,0.1,4.3,86.0,82.0,40.7,54.6,114.4,94.0,105.2,6.0,7.8,10.9,51.3,12.0,32.5,2.8,10.2,32.0,23.7,34.1,27.2,12.0,15.0,71.7,14.7,42.9,0.5,2.0,0.6,60.9,0.0,1.3,49.3,13.9,36.9,22.1,29.4,62.8,7.8,51.6,51.5,301.0,300.0,304.0,6.6,7.0,6.6,0.1,0.1,311.0,284.0,316.0,2005.0,2354.0,2488.0,303.0,273.0,304.0,9.3,9.5,10.1,21.5,18.3,23.7,37.3,35.2,38.3,232.0,213.0,226.0,12.0,11.1,11.7,1016.0,1119.0,1164.0
Greenmount East,0.1,0.1,20.0,20.0,246.4,268.6,8184.0,3737.0,4447.0,95.8,1.6,0.2,1.1,0.3,0.9,9.1,7.3,18.0,10.8,51.6,12.3,3115.0,71.2,34.0,2.7,21224.5,57.8,18.4,9.9,6.8,7.1,29.4,33.4,57.4,67.4,87.5,19.7,22.7,26.1,44.7,61.3,116.6,7.2,66.0,50.0,63.1,5.9,133.1,222.5,80.9,0.5,1.3,584.0,529.0,537.0,438.0,350.0,318.0,627.0,583.0,520.0,499.0,529.0,325.0,320.0,532.0,486.0,97.9,98.6,98.4,0.5,0.4,0.4,0.2,0.3,0.5,14.7,21.6,20.1,23.7,20.9,18.9,47.7,49.1,51.0,11.9,10.7,12.9,90.2,89.5,82.6,19.9,18.8,18.3,73.5,64.0,73.7,67.4,70.4,64.9,71.6,57.4,67.6,59.8,62.8,72.2,72.4,71.6,26.7,29.1,27.0,48.1,49.4,51.5,27.8,22.6,30.0,34.5,28.9,33.8,41.2,38.9,24.0,22.7,20.1,4.1,5.8,4.9,74.1,72.9,83.3,8.4,9.3,91.3,99.2,79.9,55.1,85.4,85.3,84.4,82.6,82.4,84.4,48.6,64.0,62.6,183.0,167.0,185.0,3.8,3.6,3.8,20.1,22.9,2.2,2.0,1.4,9.6,67.0,67.4,20.5,18.2,9.2,6.5,12.2,9.1,54.1,48.4,167.0,175.2,433.9,445.2,1546.2,1630.3,93.0,54.0,41.0,12900.0,19000.0,18508.0,117.0,76.0,75.0,34.1,17.1,88.6,74.3,1.2,0.4,0.6,30.2,29.3,29.1,16.6,16.3,15.8,4100.0,4087.0,4059.0,42.9,62.2,149.0,122.4,8.3,11.6,0.7,2.9,2.1,3.0,0.0,0.5,38.6,34.7,35.6,31.4,29.7,15.5,19.2,23.2,16.2,11.1,96.5,83.6,37.4,53.5,154.6,148.4,183.0,14.8,13.6,13.0,35.3,9.4,38.7,10.2,18.3,26.1,20.4,35.2,13.4,105.0,13.0,57.9,32.7,55.2,0.2,0.4,0.4,70.5,2.3,6.4,46.0,15.6,39.2,25.8,26.5,69.0,4.5,47.5,52.8,193.0,193.0,193.0,1.6,3.1,4.7,0.0,0.0,178.0,165.0,182.0,1173.0,1097.0,1145.0,172.0,160.0,176.0,10.1,9.1,12.1,21.3,14.5,23.1,30.9,29.1,33.5,137.0,136.0,138.0,14.5,14.4,16.9,730.0,679.0,673.0
Hamilton,0.3,0.2,8.0,7.0,224.4,222.7,13002.0,6012.0,6990.0,56.5,37.1,1.2,2.3,0.7,2.3,55.2,5.9,17.5,8.4,57.4,10.9,5139.0,43.6,32.8,2.5,59540.33,16.4,17.4,16.3,10.4,39.5,6.4,8.6,40.8,45.4,42.1,9.5,7.5,7.2,37.9,34.9,28.0,4.7,3.3,42.5,43.8,0.5,10.5,35.1,42.1,0.1,0.2,670.0,713.0,636.0,427.0,454.0,404.0,638.0,604.0,569.0,641.0,618.0,408.0,401.0,555.0,542.0,86.4,85.9,85.8,9.1,10.4,10.1,1.9,1.7,1.9,7.9,13.7,9.9,10.1,11.9,11.9,30.6,29.3,27.8,8.8,7.8,7.9,74.0,73.2,67.0,16.4,15.2,16.0,75.0,63.9,74.0,70.9,79.7,76.4,72.0,75.2,68.0,64.3,70.2,82.3,84.4,76.6,40.8,34.8,51.8,65.8,69.3,63.3,50.8,50.0,38.7,55.2,39.6,42.6,52.6,56.9,29.9,30.1,21.8,4.1,3.3,2.1,77.4,81.4,79.3,5.8,5.5,94.3,25.3,10.5,27.4,83.1,86.2,88.0,86.4,89.9,91.1,68.6,71.7,65.8,64.0,177.0,161.0,0.0,0.0,0.0,3.5,4.4,1.3,0.5,0.8,8.8,75.3,75.4,13.2,15.0,4.4,4.4,8.1,8.1,19.4,16.7,71.6,76.4,424.3,413.9,1417.6,1272.0,120.0,123.0,134.0,139175.0,105975.0,116600.0,106.0,58.0,57.0,41.6,18.9,41.6,28.8,3.1,1.2,2.0,83.1,79.3,80.1,5.4,5.8,4.8,4368.0,4367.0,4368.0,40.5,50.5,733.2,680.2,77.6,74.2,0.0,1.9,2.2,2.0,0.9,0.7,0.3,0.5,0.4,0.0,0.0,1.6,2.1,1.4,0.0,0.2,75.5,81.0,51.1,58.2,23.2,23.7,34.7,3.9,6.0,4.2,79.2,8.6,9.4,2.2,9.1,39.7,33.0,18.2,34.0,1.0,17.0,77.6,6.9,14.3,0.2,0.2,0.5,60.1,2.6,0.6,75.3,7.0,17.8,8.5,11.7,61.9,26.4,56.0,59.5,195.0,195.0,193.0,7.2,11.3,4.1,0.1,0.2,263.0,241.0,265.0,2149.0,1862.0,1807.0,254.0,233.0,258.0,6.1,5.4,8.3,20.2,8.7,17.4,34.6,27.8,29.1,184.0,169.0,184.0,14.2,13.0,14.2,1395.0,1277.0,1185.0
Harbor East/Little Italy,1.5,1.8,72.0,82.0,319.6,328.6,5407.0,2628.0,2779.0,57.9,28.5,4.6,1.6,0.6,6.8,61.8,8.1,15.8,9.8,59.6,6.6,2305.0,74.6,28.7,2.2,30283.28,45.4,14.5,8.6,5.8,25.7,42.0,71.8,119.3,165.3,139.3,28.5,24.0,27.2,141.3,112.1,116.9,49.8,17.3,74.9,75.5,2.2,149.4,38.7,93.0,0.0,0.2,381.0,344.0,354.0,155.0,161.0,153.0,206.0,209.0,194.0,332.0,347.0,154.0,151.0,182.0,178.0,93.7,93.7,93.3,1.0,1.6,1.4,2.6,3.6,3.5,14.2,16.6,12.4,17.4,18.0,15.0,40.8,50.2,47.9,6.5,7.1,6.9,91.4,92.4,86.1,17.1,17.0,20.1,59.3,86.4,82.5,74.7,77.6,69.8,54.9,60.3,63.6,72.0,80.7,70.9,72.0,80.7,21.1,44.7,32.6,34.2,63.0,54.4,33.3,35.6,25.5,38.0,26.5,22.6,52.7,38.7,22.0,14.1,16.3,4.9,7.7,7.0,66.7,82.4,70.7,5.6,8.8,60.2,70.4,70.4,49.3,84.0,88.0,85.6,85.1,89.2,87.8,61.7,57.8,64.4,199.0,154.0,39.0,0.0,0.0,0.0,14.8,12.8,3.1,3.3,3.0,11.8,73.5,72.5,15.5,19.5,3.9,1.9,20.2,20.2,17.9,19.9,116.9,118.5,365.3,383.9,1117.6,1235.3,46.0,42.0,47.0,242500.0,202500.0,242000.0,111.0,48.5,84.0,31.3,2.6,43.8,42.1,1.2,0.5,0.7,41.9,40.6,37.8,4.6,5.0,3.6,1596.0,1595.0,1695.0,31.3,58.9,234.5,182.9,5.6,19.5,33.6,1.4,1.6,1.4,0.0,3.5,1.6,1.7,1.7,18.5,10.7,2.8,2.5,2.7,0.0,1.2,72.2,77.5,34.9,49.0,35.9,39.2,21.3,9.6,7.8,8.7,43.8,5.2,20.4,27.9,35.5,36.0,14.0,14.6,6.5,21.0,15.0,48.4,42.5,44.9,0.0,0.0,0.1,94.8,5.0,2.7,59.9,11.6,29.1,16.3,26.7,39.2,34.1,41.9,43.9,489.0,484.0,479.0,14.5,12.6,10.2,0.7,0.7,408.0,389.0,419.0,41601.0,45289.0,42537.0,390.0,368.0,388.0,10.3,8.7,8.6,23.5,15.4,20.0,39.5,33.7,32.9,260.0,260.0,271.0,48.1,48.1,50.1,6367.0,10134.0,7337.0
Harford/Echodale,0.4,0.5,19.0,28.0,188.6,182.3,16839.0,7964.0,8875.0,53.0,40.3,1.0,1.8,0.4,3.4,57.0,7.3,15.6,9.9,57.0,10.2,6914.0,44.4,31.9,2.4,53957.94,22.3,16.5,17.4,13.5,30.3,9.5,18.9,41.5,49.3,41.5,10.7,11.9,7.3,37.4,34.1,47.2,10.1,9.4,44.1,49.2,1.1,43.6,29.0,28.1,0.2,0.1,805.0,828.0,770.0,493.0,503.0,451.0,679.0,634.0,602.0,740.0,738.0,464.0,447.0,572.0,557.0,83.0,84.5,84.3,12.6,11.2,11.5,2.6,2.8,2.9,10.8,11.7,7.7,10.1,13.1,10.0,28.0,28.5,27.1,5.4,7.1,6.0,72.1,71.2,68.0,17.4,18.4,17.0,78.8,82.9,81.6,75.7,77.6,73.5,73.6,70.2,74.2,73.2,79.3,83.9,85.0,86.1,44.2,38.4,52.3,63.9,72.0,73.2,47.9,53.4,49.2,45.8,48.6,51.1,60.7,57.1,35.4,24.7,25.3,2.7,3.0,1.1,84.1,84.0,86.0,5.4,5.9,83.3,15.8,45.5,29.7,85.8,87.2,86.2,88.1,89.7,89.2,58.0,64.9,66.4,156.0,297.0,348.0,0.0,0.0,0.0,4.3,4.1,0.4,0.7,0.6,9.9,75.9,76.2,6.3,6.4,3.3,3.3,10.6,8.8,18.6,17.0,80.5,81.8,357.1,350.4,1589.7,1572.6,124.0,139.0,154.0,154950.0,134500.0,134950.0,98.0,76.0,51.0,30.7,12.6,30.7,25.8,2.6,1.3,2.1,84.5,80.6,81.3,4.9,4.6,4.3,5076.0,5045.0,5047.0,36.7,54.6,753.0,704.4,78.7,74.9,0.0,1.9,1.9,2.1,0.6,0.8,0.2,0.3,0.3,0.0,0.0,1.5,1.9,1.9,0.2,0.4,76.3,79.5,48.2,55.5,11.4,18.1,24.9,4.6,4.4,3.4,80.5,8.4,6.7,1.5,10.4,44.6,28.1,17.0,29.7,5.0,16.0,73.4,16.2,12.9,0.3,0.1,0.2,53.2,0.0,2.8,73.2,5.9,20.9,7.5,11.4,66.3,22.3,60.3,56.5,191.0,190.0,188.0,6.8,14.2,12.8,0.2,0.1,278.0,316.0,285.0,2549.0,2536.0,2549.0,269.0,308.0,275.0,4.7,9.5,9.1,12.9,15.5,20.0,25.9,27.5,29.1,185.0,216.0,186.0,11.0,12.8,11.0,1236.0,1204.0,1108.0
Highlandtown,0.3,0.4,5.0,6.0,362.1,326.8,7250.0,3734.0,3516.0,8.9,66.4,2.5,1.9,1.1,19.3,62.9,6.4,7.8,10.6,66.0,9.2,3196.0,32.4,17.4,2.3,63801.47,21.5,15.7,11.6,9.9,41.2,17.2,55.9,77.5,71.4,76.1,20.7,16.6,20.8,54.9,55.3,70.3,15.3,24.5,46.2,52.8,0.3,98.9,59.9,50.9,0.0,0.3,239.0,257.0,267.0,109.0,117.0,135.0,133.0,136.0,117.0,231.0,254.0,106.0,126.0,119.0,109.0,33.9,28.2,25.8,27.0,25.5,23.6,34.5,41.4,45.1,10.5,14.8,10.1,19.3,21.4,15.6,51.1,53.7,51.3,7.5,5.9,6.2,83.2,84.0,78.2,15.0,11.9,11.8,72.9,66.7,77.5,73.9,71.4,77.5,64.4,63.8,71.8,66.7,63.4,71.8,81.1,75.6,41.5,35.7,44.4,73.2,60.7,70.6,36.4,31.1,25.6,41.9,41.7,22.9,33.3,43.9,33.9,35.7,12.8,4.5,2.9,10.3,61.9,74.3,75.0,8.0,6.4,87.3,77.6,77.6,94.8,92.4,87.9,93.5,91.6,89.2,92.0,62.6,58.6,74.6,113.0,107.0,105.0,0.0,0.0,0.0,3.9,3.2,5.1,5.2,2.3,13.9,74.0,74.4,4.4,7.3,0.0,0.0,9.0,9.0,11.1,10.6,118.2,109.5,434.8,398.6,1728.8,1711.9,145.0,135.0,177.0,215000.0,191500.0,220000.0,107.0,45.5,26.0,25.3,8.3,31.2,25.9,2.2,1.0,0.9,61.9,59.8,59.4,8.8,8.3,8.8,3163.0,3168.0,3168.0,36.2,41.6,466.9,408.5,60.6,56.5,18.0,4.4,4.7,6.0,0.3,0.3,1.0,1.1,1.6,0.0,0.0,1.4,1.4,1.8,0.6,0.3,67.4,68.7,41.8,45.6,126.2,145.0,89.2,2.8,6.8,4.1,66.5,13.6,9.7,5.6,20.2,40.9,20.5,18.4,3.2,7.0,13.0,70.3,20.5,22.4,0.0,0.0,0.1,88.5,2.6,4.5,77.9,4.5,17.6,5.5,23.2,40.5,36.4,54.7,51.5,374.0,371.0,373.0,9.4,11.6,11.5,1.0,0.7,386.0,369.0,409.0,2803.0,2528.0,2728.0,375.0,358.0,395.0,9.8,8.1,9.3,19.2,15.4,20.8,31.6,30.1,32.8,271.0,258.0,279.0,37.4,35.6,38.5,1979.0,1677.0,1740.0
Howard Park/West Arlington,0.3,0.3,16.0,16.0,141.2,150.7,10873.0,4949.0,5924.0,94.3,2.2,0.3,1.3,0.3,1.6,12.7,5.5,15.2,9.3,50.9,19.1,4204.0,54.4,30.3,2.5,37094.58,31.0,24.3,13.1,9.6,22.0,12.9,31.5,50.5,48.2,47.0,11.4,12.9,9.7,35.3,37.3,46.5,11.2,9.3,46.3,45.5,1.1,61.3,39.3,54.4,0.1,0.1,492.0,527.0,438.0,314.0,282.0,270.0,519.0,484.0,403.0,467.0,422.0,253.0,256.0,437.0,385.0,95.7,96.5,96.2,0.6,1.0,0.8,0.9,1.5,1.9,6.5,9.9,10.3,11.5,13.8,15.2,37.2,32.2,29.0,8.5,7.2,8.0,77.1,78.5,70.0,17.1,15.4,15.3,59.8,71.3,86.5,83.3,85.9,82.0,76.3,77.5,82.1,67.3,55.8,91.7,76.2,79.2,31.5,34.8,38.6,55.4,58.0,60.0,38.2,43.8,37.7,49.7,50.0,37.3,49.7,45.5,25.0,20.4,23.6,3.7,2.5,2.9,83.6,78.8,79.8,6.8,6.5,96.6,61.6,44.8,33.6,85.0,89.5,82.5,86.0,94.2,81.6,48.6,69.8,68.0,0.0,237.0,0.0,0.0,0.0,0.0,5.1,6.0,0.3,0.3,0.9,10.2,74.2,75.0,8.8,7.5,2.4,2.4,10.9,9.6,40.0,30.7,108.6,108.6,348.0,348.0,1144.0,1198.4,71.0,60.0,73.0,115000.0,74250.0,115000.0,104.5,51.0,22.0,47.8,21.1,53.6,39.4,3.8,0.9,1.5,78.0,74.7,75.3,6.4,7.1,6.9,3165.0,3157.0,3157.0,61.2,67.8,703.5,650.3,88.4,83.3,0.0,2.8,3.1,2.4,1.6,1.0,2.0,2.0,4.1,3.0,9.4,2.6,2.2,2.1,1.0,1.3,78.2,78.9,52.6,58.1,28.7,26.8,34.1,3.8,4.6,6.3,69.2,9.4,18.7,1.0,15.2,29.6,24.2,31.0,39.2,10.0,18.0,64.9,23.3,19.2,0.4,0.4,0.3,54.2,3.5,1.7,60.9,11.5,27.2,15.8,16.6,67.9,15.5,57.3,52.6,156.0,155.0,151.0,11.5,8.4,13.9,0.3,0.2,174.0,207.0,174.0,2889.0,2927.0,2887.0,163.0,195.0,157.0,2.9,7.2,5.2,14.9,13.5,10.9,28.7,30.9,23.6,123.0,148.0,126.0,11.3,13.6,11.6,1960.0,2159.0,2283.0
Inner Harbor/Federal Hill,3.1,3.1,863.0,866.0,495.8,290.8,12855.0,6528.0,6327.0,11.5,79.5,3.9,1.6,0.4,3.2,36.2,4.7,4.8,13.3,66.6,10.6,6724.0,27.0,11.4,2.0,83496.5,19.5,4.9,13.0,7.1,55.5,10.2,19.1,165.2,128.3,97.8,18.7,16.9,13.1,111.4,84.6,359.0,83.3,48.1,57.3,61.7,0.5,122.5,39.5,119.8,0.1,0.1,210.0,231.0,236.0,92.0,68.0,91.0,127.0,107.0,93.0,201.0,222.0,65.0,87.0,97.0,91.0,48.5,38.8,42.3,41.4,49.6,46.5,4.7,5.6,5.2,9.0,11.3,7.6,17.4,11.8,13.2,38.6,42.1,43.0,6.3,4.1,6.4,69.4,70.3,58.3,20.3,15.7,14.7,75.8,89.1,80.6,83.3,86.5,96.8,83.3,84.6,75.0,62.9,58.8,90.0,85.7,73.5,76.7,46.2,43.8,76.7,61.5,53.1,28.3,36.1,34.4,32.6,50.0,13.0,59.1,44.0,36.7,17.9,17.4,3.9,3.7,3.2,72.7,70.6,73.1,5.4,6.8,96.3,30.0,30.0,10.0,92.7,90.8,89.8,92.1,93.5,92.1,74.4,77.7,76.3,232.0,172.0,239.0,0.0,0.0,0.0,2.8,3.6,3.3,2.6,4.2,12.4,77.3,77.8,7.1,6.9,0.0,0.0,5.4,5.4,6.9,5.6,83.6,86.9,343.3,336.7,1298.0,1245.0,313.0,263.0,336.0,275000.0,280000.0,284950.0,99.0,55.5,31.0,10.6,4.8,21.6,26.3,1.3,0.4,0.7,63.5,61.5,60.7,3.6,3.4,2.8,5894.0,5927.0,5949.0,27.3,45.7,426.7,334.3,32.7,29.6,14.3,3.9,3.7,4.4,0.5,0.8,0.6,0.5,0.4,3.7,4.2,0.4,1.1,1.0,0.5,0.2,80.3,77.7,45.1,57.6,53.0,51.3,37.1,4.7,7.7,5.8,72.3,6.6,4.5,14.7,21.3,43.3,22.7,12.8,8.5,17.0,14.0,46.9,48.0,17.0,0.0,0.0,0.0,91.0,2.8,1.9,79.6,5.2,15.5,6.1,10.0,23.6,66.4,54.3,55.5,505.0,509.0,498.0,19.2,27.5,31.3,0.4,0.4,810.0,767.0,833.0,15541.0,14565.0,14471.0,756.0,716.0,773.0,7.9,9.5,9.1,21.6,15.1,21.8,37.4,33.4,35.4,570.0,566.0,589.0,69.9,69.4,45.8,10665.0,9633.0,9646.0
Lauraville,0.0,0.1,0.0,2.0,266.6,237.3,12273.0,5757.0,6516.0,58.0,35.8,1.0,2.4,0.6,2.3,54.6,6.0,16.6,8.9,57.9,10.6,4686.0,40.3,31.9,2.6,57895.04,15.0,16.1,19.3,12.8,36.7,5.8,4.4,39.6,47.2,40.3,6.3,8.6,7.0,38.5,33.3,27.0,10.5,4.5,48.8,54.8,1.1,58.6,20.5,45.4,0.1,0.0,560.0,597.0,528.0,364.0,333.0,352.0,647.0,540.0,477.0,561.0,511.0,300.0,335.0,494.0,453.0,87.7,84.3,83.7,8.2,11.1,11.4,1.6,1.7,1.8,9.6,14.7,7.6,11.3,10.2,10.8,31.7,30.7,32.9,6.7,7.0,7.0,72.1,70.5,65.7,19.9,16.5,16.6,71.7,78.6,84.9,77.7,76.8,81.7,76.7,73.7,68.4,70.5,69.5,73.4,79.6,87.6,34.5,38.5,55.3,53.8,74.7,64.1,40.5,44.1,38.7,41.8,37.3,43.4,42.1,50.9,25.1,23.3,22.5,2.8,2.4,2.1,73.9,80.3,80.5,6.5,7.2,94.9,38.8,34.2,27.4,85.8,84.8,86.0,86.6,87.4,87.3,66.1,59.6,62.7,145.0,33.0,120.0,0.0,0.0,0.0,4.2,5.0,0.7,0.6,0.6,11.5,74.2,75.0,18.0,14.7,1.9,1.9,9.8,11.0,20.1,18.3,83.5,78.7,422.9,401.1,1547.7,1527.6,129.0,111.0,132.0,137000.0,92900.0,114450.0,106.0,67.0,46.0,35.8,22.6,46.7,38.7,2.5,1.3,2.0,79.0,76.0,75.9,7.1,6.9,6.8,4480.0,4474.0,4478.0,43.3,61.8,684.4,675.3,59.7,58.5,0.4,2.0,2.6,2.5,0.9,0.0,0.7,0.8,1.2,0.0,1.8,1.3,2.1,1.3,0.0,0.7,80.7,79.7,52.5,58.0,27.7,37.2,40.1,2.8,5.7,3.7,81.6,7.4,7.7,2.1,9.4,42.8,30.1,17.6,40.0,2.0,17.0,76.0,8.6,8.6,0.3,0.2,0.2,60.3,2.5,1.2,66.5,10.7,22.6,13.8,10.5,54.4,35.1,54.0,61.0,144.0,134.0,133.0,3.5,2.2,5.3,0.1,0.0,234.0,220.0,239.0,1752.0,1430.0,1533.0,227.0,215.0,231.0,12.4,10.5,8.4,27.8,20.5,22.2,40.2,37.7,39.3,157.0,149.0,158.0,12.8,12.1,12.9,1225.0,950.0,956.0
Loch Raven,0.2,0.2,4.0,4.0,212.8,212.7,15311.0,6631.0,8680.0,87.6,7.6,1.3,1.5,0.2,1.8,24.2,6.1,16.0,11.4,54.7,11.8,6589.0,54.9,30.7,2.3,46721.88,25.8,13.3,27.5,13.5,19.9,17.6,33.2,34.3,37.8,42.5,8.4,8.0,8.7,29.8,33.8,20.4,4.5,7.0,45.1,43.4,0.7,63.7,31.4,38.5,0.0,0.1,793.0,946.0,913.0,549.0,480.0,421.0,758.0,741.0,704.0,872.0,873.0,437.0,416.0,676.0,662.0,96.6,97.3,97.3,0.8,0.8,0.5,0.2,0.6,1.0,6.6,10.6,7.2,8.4,9.6,8.8,31.4,28.7,22.6,7.5,7.1,8.3,75.3,73.7,68.8,14.0,13.6,15.0,61.1,73.1,85.9,83.6,84.2,83.0,83.1,81.3,80.7,81.3,81.1,85.5,87.7,91.2,29.9,36.0,42.0,52.9,62.9,69.4,40.9,48.5,42.4,46.3,44.6,40.4,49.4,51.0,30.2,25.9,24.8,2.8,2.7,2.2,81.0,87.3,87.3,5.3,5.7,94.7,57.8,31.7,18.7,83.9,84.3,88.1,88.6,86.0,88.1,54.4,62.8,58.5,0.0,222.0,190.0,0.0,0.0,0.0,3.9,5.3,0.2,0.1,0.3,15.3,75.2,75.9,13.6,13.7,1.5,0.8,15.4,12.0,24.2,23.7,86.9,84.1,336.8,342.1,1263.5,1184.1,99.0,88.0,64.0,134000.0,94000.0,98500.0,98.5,57.0,38.0,29.3,11.8,36.0,40.8,2.7,1.0,1.4,81.5,80.5,79.8,2.2,2.1,2.7,4229.0,4230.0,4231.0,40.4,53.1,762.7,724.4,64.3,59.1,0.0,1.5,1.2,0.9,0.7,0.2,0.1,0.1,0.1,0.0,0.0,1.4,2.2,2.6,0.0,0.0,80.3,82.7,51.6,62.7,38.8,25.7,37.4,4.0,5.6,4.4,72.3,12.3,14.5,0.9,11.0,41.0,25.6,22.4,32.8,2.0,16.0,69.4,25.9,20.1,0.8,0.3,0.6,49.4,0.0,0.0,66.1,8.6,25.4,11.5,16.0,58.4,25.6,53.1,49.0,53.0,53.0,50.0,34.0,20.8,40.0,0.2,0.2,216.0,203.0,213.0,4256.0,2016.0,1949.0,206.0,193.0,196.0,5.1,6.9,3.8,20.8,11.3,14.1,29.6,28.6,30.5,171.0,166.0,169.0,11.2,10.8,11.0,3650.0,1458.0,1364.0
Madison/East End,0.0,0.0,0.0,0.0,330.8,317.8,7781.0,3587.0,4194.0,90.3,3.1,0.8,1.2,0.6,4.0,23.2,10.4,22.3,13.2,47.5,6.6,2302.0,70.0,51.0,3.3,29695.49,45.1,17.4,17.8,8.6,11.1,32.2,56.4,65.5,73.5,78.5,25.1,20.9,27.0,52.6,51.5,108.3,13.0,49.1,63.2,75.4,5.0,140.2,170.7,32.1,0.4,0.6,915.0,771.0,730.0,594.0,410.0,425.0,717.0,567.0,513.0,739.0,708.0,389.0,418.0,506.0,488.0,95.7,95.6,95.4,1.2,1.0,0.9,2.0,3.0,3.2,13.6,21.8,17.1,24.4,23.9,27.1,53.3,60.1,56.9,10.7,9.9,9.1,92.7,92.5,84.7,17.2,18.2,18.8,54.1,59.4,73.8,64.8,69.5,78.1,61.9,55.0,83.2,62.7,69.5,85.7,73.9,75.2,21.5,23.9,40.3,42.4,45.1,53.2,21.6,25.6,24.6,28.1,24.7,26.3,28.3,25.3,17.3,18.2,17.0,4.5,5.3,9.3,77.7,75.4,72.9,10.4,11.5,73.4,81.0,86.1,75.9,83.6,85.6,81.8,85.4,83.1,89.4,50.3,53.8,65.3,377.0,353.0,318.0,6.1,5.9,4.4,24.7,26.9,1.8,1.5,4.6,10.1,66.8,67.4,14.0,14.4,1.0,2.1,23.1,20.4,53.7,42.4,166.0,176.2,504.2,491.6,1578.9,1368.4,110.0,77.0,48.0,25000.0,16000.0,34500.0,122.5,53.0,36.0,45.5,20.0,93.9,94.0,2.4,1.0,1.3,26.9,24.5,25.6,13.0,11.2,11.5,3220.0,3445.0,3212.0,34.9,64.1,164.9,162.8,10.2,12.8,2.5,3.7,2.8,3.0,0.0,0.0,25.7,22.7,20.7,17.3,18.3,3.7,3.9,4.6,7.6,3.1,78.3,77.6,30.6,48.3,611.9,267.7,193.2,14.3,13.0,9.6,41.2,8.3,39.7,9.4,14.8,35.4,20.7,29.1,5.7,26.0,15.0,72.4,14.3,54.2,0.2,0.2,0.2,79.3,1.6,1.5,43.2,15.6,41.7,26.9,41.3,54.9,3.8,49.9,45.8,183.0,183.0,187.0,7.7,1.6,1.1,0.0,0.0,212.0,162.0,218.0,1142.0,923.0,1150.0,209.0,160.0,216.0,9.0,8.6,11.9,19.8,14.2,23.9,36.3,30.2,35.3,174.0,136.0,168.0,22.4,17.5,21.6,756.0,585.0,709.0
Medfield/Hampden/Woodberry/Remington,1.2,1.8,94.0,114.0,328.3,305.3,17388.0,8322.0,9066.0,11.6,77.2,5.0,2.2,0.5,3.6,40.4,4.8,8.4,9.1,61.5,16.2,8289.0,31.5,17.6,2.1,55999.4,20.9,12.2,23.1,10.2,33.5,6.2,12.4,51.2,46.5,44.8,7.1,8.9,7.5,37.6,37.3,71.8,17.1,13.7,34.2,35.3,0.1,64.8,22.1,43.9,0.0,0.0,470.0,524.0,517.0,252.0,285.0,267.0,364.0,333.0,333.0,487.0,494.0,262.0,256.0,295.0,318.0,28.8,28.3,29.9,57.6,58.6,56.6,4.1,4.8,4.7,16.4,18.5,13.0,15.5,19.6,10.9,41.2,35.1,39.3,5.4,3.8,5.2,66.2,69.3,62.4,14.0,13.6,13.9,44.8,50.8,95.3,79.5,93.4,88.2,85.4,89.3,88.7,87.6,84.0,93.0,90.5,91.6,50.7,56.7,58.1,69.6,74.7,73.8,54.4,56.0,54.0,60.7,55.7,60.9,59.1,62.4,37.2,32.5,29.4,3.6,5.7,2.7,77.9,81.1,78.1,3.8,4.4,86.7,58.8,44.1,44.1,90.0,92.1,90.9,91.0,93.4,91.8,66.5,69.0,67.9,156.0,275.0,283.0,0.0,0.0,0.0,2.7,2.3,1.2,1.2,1.0,10.4,75.5,75.9,6.3,7.1,2.2,2.2,9.5,8.4,17.4,14.8,98.7,97.2,414.6,405.0,1041.3,1052.3,223.0,187.0,260.0,164950.0,139000.0,144600.0,97.0,58.0,37.0,16.4,8.4,35.0,31.2,1.6,0.7,0.8,68.7,64.5,67.3,5.0,5.1,4.7,6750.0,6739.0,6728.0,31.0,45.2,552.8,530.5,53.4,55.6,1.6,2.4,1.9,2.9,0.9,0.6,1.0,0.9,1.0,20.0,16.4,1.3,2.4,1.6,1.0,0.6,70.3,72.0,49.4,50.2,33.8,33.0,38.1,2.1,3.9,5.0,64.8,8.5,9.1,12.3,31.7,36.3,19.1,13.0,31.7,11.0,14.0,70.6,17.6,18.7,0.1,0.0,0.1,70.4,3.1,5.3,78.2,5.1,17.0,6.1,15.1,36.3,48.6,50.4,49.5,551.0,545.0,544.0,10.3,13.8,19.1,0.2,0.3,861.0,818.0,849.0,12954.0,9358.0,9521.0,828.0,788.0,803.0,7.3,6.0,4.7,17.4,12.6,13.2,31.0,28.0,27.4,560.0,552.0,575.0,32.2,31.7,33.1,4620.0,4108.0,4762.0
Midtown,2.4,2.6,548.0,760.0,386.1,363.0,15020.0,7305.0,7715.0,32.1,52.7,7.8,2.9,0.5,3.9,61.8,2.4,3.6,22.6,58.7,12.8,9078.0,41.4,6.0,1.7,36750.99,39.1,14.0,19.3,6.7,21.0,9.7,18.1,92.9,99.5,95.8,15.2,13.9,14.4,85.6,81.4,198.0,67.1,63.8,25.0,24.1,1.4,67.0,28.6,68.2,0.1,0.1,245.0,208.0,203.0,107.0,80.0,91.0,166.0,149.0,152.0,190.0,195.0,76.0,88.0,134.0,148.0,82.2,78.4,77.8,10.4,12.7,12.3,2.3,4.2,5.6,9.4,18.3,10.8,22.4,11.3,14.3,34.9,41.6,40.1,8.8,5.7,7.2,75.7,73.5,65.5,17.0,14.4,13.1,58.5,73.7,70.0,71.1,89.5,85.0,68.4,81.6,72.7,63.4,83.3,87.9,78.1,83.3,23.3,25.0,35.3,41.9,60.0,82.4,56.3,47.8,37.8,53.3,49.0,30.4,50.0,43.2,28.1,28.6,24.0,5.4,4.0,3.2,67.6,75.0,91.4,5.9,8.9,98.9,8.0,4.8,4.8,89.3,86.3,93.4,90.2,90.4,91.7,67.9,58.9,66.1,0.0,65.0,116.0,0.0,0.0,0.0,5.3,6.9,1.9,1.9,2.1,13.0,74.8,76.0,11.5,7.6,2.9,2.9,4.0,2.9,17.0,14.9,113.2,109.7,362.6,355.4,1058.8,983.2,81.0,105.0,159.0,195000.0,190000.0,229900.0,83.0,77.0,54.0,17.7,11.5,40.0,26.5,1.6,1.4,1.5,41.9,41.7,41.5,6.7,6.9,6.4,3279.0,3283.0,3431.0,30.3,47.6,333.8,309.5,4.0,9.0,63.5,3.9,3.9,4.7,0.3,2.0,5.3,4.7,4.1,40.4,43.9,5.3,5.1,6.3,0.3,0.0,67.3,67.2,42.3,49.4,44.0,37.8,49.3,5.9,4.3,3.7,46.4,8.0,20.0,21.8,29.5,40.0,13.1,17.5,13.3,52.0,23.0,44.4,48.2,37.5,0.0,0.7,1.5,93.2,8.4,3.9,62.7,4.9,32.7,7.4,13.7,29.8,56.5,46.8,52.5,966.0,963.0,815.0,8.1,7.8,12.1,0.2,0.3,1100.0,993.0,1079.0,29523.0,26944.0,13479.0,1063.0,964.0,1037.0,10.1,6.6,9.3,18.9,14.3,17.9,32.5,27.2,29.9,799.0,725.0,763.0,53.2,48.3,50.8,22948.0,22533.0,6661.0
Midway/Coldstream,0.2,0.3,3.0,8.0,275.2,230.7,9624.0,4448.0,5176.0,95.6,1.4,0.5,1.1,0.3,1.1,9.6,7.1,18.8,11.3,50.5,12.3,3212.0,67.0,38.2,3.0,30821.91,37.4,25.1,17.2,10.4,9.9,23.7,32.4,66.4,72.6,72.4,22.0,22.7,20.3,50.0,52.2,85.6,13.6,38.1,58.1,72.6,6.5,135.3,159.7,55.8,1.1,0.5,750.0,720.0,699.0,460.0,403.0,413.0,709.0,599.0,560.0,683.0,678.0,387.0,411.0,553.0,535.0,98.5,99.2,98.9,0.2,0.3,0.3,0.1,0.3,0.3,15.6,19.7,15.9,22.2,25.1,21.3,44.6,51.9,48.9,11.1,11.1,9.6,88.7,90.3,81.9,17.6,17.1,17.3,54.8,75.7,77.0,76.4,74.8,77.0,71.8,62.5,69.5,63.6,67.5,84.1,80.5,70.2,29.9,40.2,39.5,47.2,61.7,60.6,36.0,36.8,35.0,37.4,28.1,31.3,52.8,42.9,26.2,22.5,22.3,4.1,4.5,4.9,81.8,76.2,73.0,10.9,9.9,80.7,53.7,79.4,65.4,85.7,81.8,80.9,79.4,85.5,84.2,45.2,53.3,51.4,114.0,328.0,114.0,6.1,5.5,6.1,15.4,18.5,1.5,1.6,2.1,8.0,66.1,67.9,10.6,15.4,12.6,8.4,36.4,29.9,59.8,41.6,155.1,145.7,448.8,422.9,1657.1,1866.7,86.0,75.0,52.0,24500.0,17500.0,19400.0,84.5,55.0,60.0,48.2,27.1,85.9,84.7,2.1,0.9,1.2,40.9,39.2,38.9,16.5,17.0,15.4,4176.0,4161.0,4151.0,32.2,75.0,217.0,236.3,24.5,27.0,0.0,2.0,1.6,1.6,0.0,0.0,16.6,16.2,17.7,11.0,10.9,7.0,9.0,7.5,1.7,1.9,90.1,81.5,38.6,53.1,155.8,142.6,130.5,8.0,12.2,10.7,60.8,8.7,25.1,2.1,17.0,41.2,15.9,26.0,11.6,26.0,15.0,71.1,13.2,34.5,0.2,0.2,0.4,74.0,0.3,3.2,55.8,11.8,32.7,17.5,23.8,71.4,4.8,52.9,49.3,284.0,284.0,284.0,3.2,3.9,2.5,0.1,0.1,228.0,207.0,218.0,1576.0,1352.0,1538.0,223.0,203.0,213.0,10.1,6.8,8.3,21.1,13.5,20.6,36.4,33.3,32.6,163.0,154.0,153.0,16.9,16.0,15.9,787.0,707.0,721.0
Morrell Park/Violetville,0.0,0.1,0.0,10.0,67.2,68.0,8964.0,4238.0,4726.0,17.6,72.5,2.4,2.4,0.8,4.3,46.4,5.9,13.5,8.6,54.2,17.8,3785.0,34.2,25.6,2.3,43529.6,29.9,15.9,17.2,15.7,21.4,10.7,14.7,68.0,62.8,54.3,6.6,11.3,8.9,51.5,45.4,26.0,4.1,1.4,59.3,57.3,2.0,85.1,20.6,59.0,0.1,0.0,429.0,455.0,448.0,252.0,239.0,242.0,208.0,232.0,229.0,401.0,423.0,222.0,236.0,197.0,217.0,22.4,26.6,25.2,67.4,61.6,61.3,4.9,6.3,7.0,17.0,16.7,16.3,19.8,15.1,16.5,26.4,39.7,40.6,4.5,4.9,5.1,71.9,76.7,69.6,15.2,14.1,13.4,55.6,78.7,95.2,83.3,79.5,81.0,82.9,73.5,80.6,78.3,85.3,93.1,78.3,86.7,57.0,61.5,44.6,57.0,72.3,62.2,59.0,53.0,40.9,57.9,52.2,56.4,73.8,66.7,51.8,33.3,31.6,3.4,3.0,3.0,95.2,81.5,91.5,3.9,3.9,66.1,78.8,14.8,39.4,87.5,86.1,88.0,92.5,92.2,93.2,61.7,65.2,58.1,65.0,119.0,108.0,0.0,0.0,0.0,3.3,4.1,1.2,1.2,1.1,10.4,72.2,72.7,11.3,11.6,2.8,0.0,21.4,21.4,25.6,20.2,135.8,130.7,458.3,488.6,907.8,912.6,73.0,68.0,78.0,103000.0,63250.0,80700.0,91.0,63.0,72.0,44.9,22.5,44.9,51.3,2.3,1.5,1.6,77.2,71.3,72.6,4.4,4.4,5.8,3165.0,3150.0,3153.0,35.8,44.5,701.6,647.6,82.5,78.3,0.0,1.1,1.4,1.4,1.0,2.5,1.6,1.6,1.8,0.0,0.0,2.5,2.7,1.6,0.3,0.6,55.3,56.2,42.6,33.9,28.6,22.8,32.9,2.0,3.2,5.1,66.8,19.6,5.7,6.8,22.8,43.8,19.1,14.4,24.9,3.0,17.0,64.5,23.1,21.8,0.2,0.1,0.2,42.0,0.0,1.1,63.9,9.8,26.5,13.4,31.3,58.8,9.9,68.7,67.1,474.0,475.0,477.0,11.0,10.5,17.6,0.1,0.1,463.0,456.0,436.0,7894.0,8240.0,9706.0,431.0,423.0,396.0,5.8,5.7,4.8,15.8,12.3,11.5,27.9,27.0,24.5,277.0,276.0,260.0,30.9,30.8,29.0,3659.0,4107.0,5771.0
Mount Washington/Coldspring,1.0,0.8,141.0,20.0,269.0,273.6,5168.0,2312.0,2856.0,22.6,68.0,3.9,2.4,0.5,2.5,49.2,6.3,13.8,4.2,59.5,16.1,2466.0,20.3,23.0,1.9,85405.68,24.1,7.9,11.4,10.1,46.5,5.8,8.2,33.1,28.8,32.9,2.3,2.3,1.9,26.5,31.0,25.1,2.5,2.5,45.3,39.9,0.2,14.5,3.3,28.1,0.0,0.0,137.0,188.0,195.0,82.0,81.0,82.0,58.0,85.0,87.0,177.0,192.0,74.0,81.0,78.0,83.0,49.0,53.9,50.3,39.9,36.8,39.5,1.3,2.1,2.0,4.4,6.9,5.1,6.1,6.2,6.1,10.3,14.1,13.8,2.0,2.6,3.7,30.1,35.0,27.9,8.8,11.2,11.8,66.7,80.5,89.5,100.0,97.1,89.5,91.2,94.3,87.5,85.7,70.3,95.8,89.3,83.8,50.0,65.4,81.8,60.7,76.9,90.9,68.8,67.9,75.0,86.7,66.7,69.6,80.0,76.2,51.9,52.4,47.4,5.2,3.5,1.1,85.7,86.7,87.5,2.5,4.1,87.9,10.9,10.9,0.0,89.6,90.9,95.3,92.5,92.7,96.9,64.2,70.9,70.3,90.0,122.0,112.0,0.0,0.0,0.0,0.3,0.3,0.2,0.4,0.2,24.8,81.1,81.7,3.2,3.1,0.0,0.0,0.0,0.0,5.3,6.6,52.8,46.3,283.7,257.9,1562.0,1532.8,32.0,52.0,69.0,280000.0,250000.0,280000.0,115.0,79.0,29.0,7.8,7.2,19.6,20.3,0.9,0.5,0.8,83.6,80.9,83.3,0.9,1.0,0.6,1825.0,1822.0,1827.0,26.0,41.5,743.7,656.8,28.0,24.1,3.3,3.1,6.5,4.2,7.7,1.1,0.1,0.1,0.1,0.0,0.0,0.1,0.4,0.3,0.6,0.5,94.3,102.6,60.7,81.8,5.0,11.6,16.1,1.0,4.1,5.2,81.1,8.9,7.6,1.0,21.2,48.6,16.2,14.1,65.6,4.0,19.0,59.0,30.6,7.3,0.6,0.1,0.2,31.5,2.3,1.4,84.1,4.1,11.3,4.7,5.6,25.6,68.8,49.9,49.8,102.0,99.0,98.0,9.8,14.1,26.5,0.2,0.0,219.0,194.0,200.0,3220.0,2530.0,2705.0,204.0,182.0,185.0,6.4,5.2,6.0,25.1,11.3,13.0,37.9,38.1,33.5,158.0,138.0,136.0,30.6,26.7,26.3,2631.0,2062.0,2129.0
North Baltimore/Guilford/Homeland,0.4,0.5,41.0,51.0,244.0,224.4,17464.0,7953.0,9511.0,11.8,75.0,7.5,1.9,0.3,3.3,42.3,4.6,10.3,28.2,44.0,12.8,6479.0,15.1,22.6,2.3,78921.41,17.7,8.6,14.3,5.7,53.7,5.8,7.0,25.8,27.7,25.4,3.1,3.4,3.4,24.3,22.0,21.0,1.0,4.0,29.1,24.4,0.1,15.7,7.6,28.4,0.1,0.1,262.0,259.0,247.0,88.0,111.0,110.0,120.0,100.0,100.0,242.0,240.0,92.0,106.0,95.0,97.0,46.6,38.1,34.8,42.4,52.1,53.6,1.2,2.0,1.9,7.3,3.1,3.6,4.5,5.4,3.6,20.0,18.0,21.0,2.6,2.0,3.2,35.1,29.4,24.8,12.2,10.5,10.4,83.6,89.1,88.6,91.7,93.6,90.9,90.0,91.3,81.7,86.7,80.0,86.7,91.1,88.9,38.5,69.6,68.8,53.8,91.7,87.5,70.8,75.9,64.0,76.7,73.9,62.9,85.7,85.2,53.1,40.0,27.3,0.0,2.0,1.9,96.3,95.5,80.0,2.6,2.4,100.0,3.1,1.6,0.0,91.5,92.2,92.6,90.7,89.4,94.1,63.6,69.5,75.7,239.0,107.0,46.0,0.0,0.0,0.0,0.8,0.7,0.1,0.3,1.0,7.5,82.2,83.2,4.1,0.0,0.0,0.0,1.5,1.5,9.4,7.2,54.7,53.2,219.2,209.9,1272.1,1236.7,151.0,174.0,183.0,347500.0,352000.0,340000.0,122.0,57.0,47.0,8.0,4.0,21.1,26.0,0.8,0.3,0.4,76.4,74.5,75.7,2.1,2.2,1.6,5099.0,5093.0,5089.0,34.3,51.6,600.4,557.3,18.5,17.7,2.9,3.5,3.5,3.9,1.0,0.0,0.2,0.2,0.2,0.0,0.0,1.0,1.3,1.4,0.2,0.2,64.7,62.0,59.0,46.7,14.8,14.7,20.7,4.2,5.8,3.6,64.1,8.7,10.8,14.2,27.4,45.1,15.8,11.7,49.5,5.0,20.0,64.5,22.3,15.4,0.0,0.0,0.1,55.1,3.7,2.2,59.1,3.7,37.1,5.9,3.6,24.0,72.4,50.2,52.2,235.0,235.0,235.0,22.1,17.0,15.7,0.1,0.0,411.0,394.0,415.0,4089.0,2961.0,3745.0,397.0,385.0,401.0,6.3,7.4,6.3,20.4,13.2,14.5,32.8,31.0,30.8,307.0,295.0,313.0,17.6,16.9,17.9,2594.0,1734.0,2224.0
Northwood,0.1,0.2,7.0,10.0,272.1,265.8,16643.0,7506.0,9137.0,88.6,7.2,0.6,1.5,0.4,1.7,22.5,5.3,12.8,24.7,44.3,13.0,5532.0,55.4,30.3,2.5,56023.79,19.3,16.0,17.4,14.1,33.2,6.9,9.7,39.9,46.1,39.2,9.6,11.0,8.3,35.1,30.9,54.7,20.3,15.4,39.2,42.8,1.7,50.0,44.2,49.0,0.2,0.2,643.0,694.0,663.0,448.0,394.0,352.0,753.0,679.0,587.0,646.0,645.0,368.0,345.0,621.0,562.0,96.1,97.8,97.2,1.2,1.1,1.3,0.4,0.7,0.9,9.2,13.1,8.3,13.4,12.4,9.7,28.7,30.6,28.4,7.9,7.2,7.6,76.6,74.6,71.0,15.0,13.9,14.8,69.3,69.6,85.7,81.6,85.1,91.6,76.8,74.6,81.0,76.9,86.3,90.0,83.5,85.5,31.8,35.6,57.8,50.8,69.2,72.6,38.0,36.0,36.2,38.6,35.8,32.0,50.0,49.5,26.0,23.9,22.7,3.1,3.2,3.4,78.3,79.7,84.3,5.5,6.1,95.1,15.6,13.4,18.6,85.9,85.7,88.1,84.0,86.3,91.4,58.3,55.9,57.6,170.0,254.0,327.0,0.0,0.0,0.0,5.7,6.6,0.1,0.1,0.4,8.9,75.9,76.2,12.6,13.1,0.0,0.0,5.5,5.1,30.0,25.9,90.9,89.9,283.2,284.3,1297.6,1365.9,83.0,85.0,98.0,138000.0,115000.0,110050.0,96.0,55.0,52.0,32.1,13.5,32.1,28.1,2.1,0.8,1.3,84.2,82.5,82.7,3.4,3.9,3.5,4670.0,4670.0,4669.0,37.8,54.4,785.7,753.9,88.7,88.2,0.2,1.4,1.4,1.6,0.4,0.0,0.2,0.3,0.4,0.0,0.0,1.0,1.6,1.3,0.0,0.0,77.2,78.4,51.4,57.7,34.3,38.2,40.3,4.2,6.1,4.3,62.7,15.0,16.7,4.9,12.7,38.6,27.3,21.4,29.9,3.0,16.0,71.9,13.3,13.9,0.5,0.4,0.7,44.6,3.2,0.7,58.2,9.4,32.4,13.9,13.7,61.5,24.8,53.5,46.6,63.0,63.0,63.0,11.1,19.0,22.2,0.0,0.1,157.0,145.0,153.0,3220.0,2541.0,2685.0,148.0,137.0,143.0,13.4,9.0,5.9,32.5,18.6,18.3,43.9,40.7,38.6,107.0,94.0,100.0,6.4,5.6,6.0,1861.0,1821.0,1846.0
Oldtown/Middle East,0.2,0.3,8.0,12.0,359.6,305.4,10021.0,4543.0,5478.0,89.5,5.4,2.0,1.0,0.3,1.7,20.8,7.9,17.2,12.3,50.8,11.9,3792.0,81.4,33.2,2.3,13478.16,63.9,13.9,8.5,2.3,11.5,49.2,70.9,102.4,112.2,90.9,27.8,26.7,26.4,85.6,64.5,145.6,44.9,40.9,63.7,75.3,4.9,159.0,138.3,89.6,0.7,0.3,738.0,637.0,696.0,322.0,352.0,342.0,585.0,466.0,432.0,604.0,680.0,333.0,336.0,405.0,416.0,96.9,97.5,96.7,0.8,0.7,0.8,0.5,1.3,1.8,16.5,20.9,16.5,29.5,25.3,13.7,47.2,54.5,52.5,9.4,9.1,10.7,92.0,92.4,85.6,17.9,17.3,17.3,72.2,73.0,73.9,66.4,60.1,63.8,65.4,59.1,69.9,63.0,69.0,72.1,75.9,69.8,19.4,16.9,27.9,38.0,46.2,52.7,26.2,22.5,25.4,40.3,27.6,25.9,42.0,38.1,17.9,17.6,15.2,3.6,5.6,6.0,67.0,76.0,81.2,9.1,9.5,71.4,74.2,47.5,38.6,87.8,90.7,84.6,87.2,87.9,79.7,53.8,63.6,67.8,171.0,188.0,274.0,0.0,0.0,0.0,19.9,24.7,0.7,0.4,3.1,8.4,75.0,74.0,10.0,10.0,5.1,5.1,4.9,6.1,32.5,28.1,107.1,121.3,296.4,335.5,1155.2,1206.9,48.0,67.0,48.0,173750.0,57500.0,50000.0,111.0,78.5,48.0,28.6,8.0,47.6,48.0,1.9,0.6,1.6,41.0,39.2,39.3,4.6,4.4,7.3,1423.0,1430.0,1430.0,45.8,48.9,297.2,287.4,11.9,17.5,9.8,4.9,6.0,8.5,0.7,1.4,40.1,41.7,37.3,52.4,55.4,4.9,6.0,7.7,5.6,7.7,77.3,75.2,35.2,48.2,65.5,52.4,47.7,11.8,8.8,8.1,38.0,9.6,40.4,10.2,26.4,25.5,18.0,30.1,9.8,30.0,12.0,48.5,46.2,68.3,2.4,17.7,0.7,84.9,4.9,1.7,41.1,12.6,46.8,23.6,35.7,51.6,12.7,51.4,49.9,480.0,486.0,495.0,24.4,27.2,24.0,0.3,0.4,475.0,480.0,482.0,15720.0,9657.0,14518.0,448.0,456.0,447.0,7.8,6.3,6.6,26.9,11.0,14.9,43.6,37.9,37.1,367.0,382.0,361.0,42.0,43.7,36.0,10872.0,5870.0,9026.0
Orangeville/East Highlandtown,0.3,0.4,5.0,55.0,281.5,278.5,9131.0,4744.0,4387.0,12.2,51.6,3.0,1.9,0.9,30.3,77.8,7.9,13.2,10.4,56.4,12.2,3357.0,34.5,30.2,2.8,41122.22,30.9,19.3,21.8,8.2,19.8,14.2,20.8,85.9,91.2,85.6,20.4,16.1,18.7,75.1,66.9,64.3,12.6,22.4,54.3,57.4,2.3,59.2,88.6,114.4,0.1,0.1,448.0,578.0,606.0,262.0,273.0,250.0,287.0,315.0,314.0,511.0,576.0,245.0,240.0,272.0,295.0,25.1,27.1,25.7,36.2,25.6,22.5,34.6,43.4,48.0,10.5,13.5,13.0,21.4,19.0,19.2,42.5,47.6,46.2,4.4,5.3,5.3,81.1,85.2,79.4,18.3,16.1,14.0,76.8,75.6,85.3,78.4,74.2,67.6,70.7,61.5,87.5,76.1,70.3,79.2,74.7,74.4,43.9,45.8,49.4,41.5,67.1,52.6,33.7,30.9,31.6,45.5,48.7,38.3,42.3,42.9,33.1,15.4,19.8,4.2,2.5,10.9,72.1,69.5,67.2,5.1,6.3,82.2,106.1,111.1,45.5,87.6,92.9,88.4,91.0,93.4,91.0,40.4,45.1,58.3,0.0,96.0,0.0,0.0,0.0,0.0,4.3,6.6,3.2,2.8,1.9,8.6,72.3,72.9,3.1,4.1,0.0,0.0,9.9,8.2,24.2,19.7,145.9,150.8,409.1,383.1,1642.1,1578.9,107.0,98.0,83.0,84000.0,70000.0,75000.0,108.0,58.5,35.0,34.6,7.1,54.6,57.6,1.8,0.7,0.7,56.9,53.9,52.5,9.1,8.7,7.0,3505.0,3509.0,3625.0,45.9,58.6,525.8,450.5,88.9,74.5,1.1,1.5,1.7,1.1,0.3,3.0,1.4,1.3,1.4,2.1,0.0,1.1,2.1,1.4,1.4,0.8,53.2,56.5,34.0,31.5,109.1,110.4,100.6,11.4,12.9,9.0,47.0,23.0,19.2,9.0,13.2,40.7,25.0,21.1,12.3,7.0,16.0,67.0,15.0,25.8,0.1,0.0,0.1,50.8,3.2,1.8,68.9,8.0,23.4,10.4,38.6,47.7,13.7,58.7,55.7,619.0,620.0,625.0,15.5,16.1,21.0,0.3,0.3,553.0,542.0,562.0,10386.0,10063.0,10090.0,520.0,511.0,518.0,6.5,4.8,6.8,18.8,11.6,13.7,32.7,31.5,31.7,310.0,304.0,307.0,34.0,33.3,33.6,6662.0,6420.0,6356.0
Patterson Park North & East,0.3,0.3,31.0,31.0,372.7,332.1,14549.0,7289.0,7260.0,38.0,36.0,1.9,1.8,1.2,21.1,77.0,8.1,14.1,11.6,59.9,6.3,5289.0,48.5,31.0,2.8,52465.51,27.5,11.6,17.4,9.2,34.3,26.5,46.5,75.7,82.6,79.4,17.5,21.4,18.2,61.2,61.2,72.8,13.4,20.9,53.5,60.2,1.9,89.1,62.9,33.4,0.1,0.1,930.0,829.0,827.0,506.0,360.0,404.0,647.0,513.0,489.0,765.0,785.0,333.0,387.0,463.0,466.0,74.5,70.3,66.7,7.5,7.8,8.4,14.9,19.1,22.1,10.4,13.4,10.5,21.5,22.2,23.3,46.1,49.7,47.4,8.8,8.3,7.9,88.2,89.9,81.6,16.4,16.9,15.1,53.5,62.9,79.3,74.4,79.1,75.1,66.9,65.2,83.6,66.0,79.6,87.0,71.2,84.5,32.2,32.7,47.3,49.8,62.5,56.5,35.1,26.2,31.3,37.5,37.9,33.8,42.3,42.1,25.3,20.9,22.2,4.2,4.3,8.0,70.7,81.6,72.5,7.2,8.0,88.2,87.1,82.1,104.5,89.6,87.8,88.9,91.9,88.8,88.9,50.8,56.6,70.6,410.0,217.0,171.0,3.4,2.3,0.0,9.5,11.3,1.4,1.4,0.8,12.7,71.4,71.7,7.9,7.7,4.0,2.4,19.6,16.8,22.0,19.7,126.5,137.6,444.7,421.9,1655.7,1590.2,424.0,270.0,256.0,189950.0,114750.0,162200.0,102.0,63.0,44.0,34.8,10.0,41.8,40.9,2.9,1.1,1.7,48.8,47.3,47.1,13.5,12.2,13.2,6342.0,6347.0,6359.0,35.9,51.1,372.1,348.3,38.4,38.8,25.8,4.9,5.0,4.9,2.2,1.1,5.3,4.6,4.4,8.9,7.5,2.2,1.8,1.7,0.2,0.0,71.0,65.7,37.2,43.5,392.3,191.9,187.4,10.7,7.0,5.2,51.2,16.7,20.6,6.6,16.0,42.1,25.4,16.4,5.2,56.0,14.0,66.8,22.7,32.6,0.0,0.1,0.1,79.8,0.5,4.9,65.2,9.4,25.6,12.7,27.7,41.7,30.6,51.7,45.5,162.0,162.0,161.0,7.4,6.8,6.8,0.1,0.0,205.0,194.0,207.0,1403.0,1382.0,1383.0,200.0,189.0,203.0,8.3,10.3,11.1,18.5,19.1,22.7,39.5,34.5,33.8,159.0,148.0,155.0,10.9,10.2,10.7,763.0,745.0,774.0
Penn North/Reservoir Hill,0.3,0.3,23.0,23.0,299.3,298.5,9668.0,4501.0,5167.0,90.3,5.7,0.3,1.7,0.5,1.5,19.3,7.8,16.5,10.1,56.4,9.2,4248.0,66.8,27.9,2.3,28724.28,42.9,19.3,13.9,8.3,15.7,29.0,39.3,64.2,63.0,71.5,18.8,18.2,20.7,44.8,50.8,100.7,7.1,66.1,63.2,63.0,3.6,131.6,287.3,39.3,0.6,0.7,597.0,654.0,666.0,338.0,349.0,350.0,601.0,552.0,495.0,624.0,648.0,329.0,341.0,510.0,483.0,97.7,98.2,98.2,0.8,0.7,0.9,0.2,0.6,0.6,10.7,18.2,15.0,17.5,20.1,19.4,43.9,51.6,48.3,12.3,9.9,11.7,89.8,89.7,82.3,18.8,18.5,18.6,66.9,79.3,75.2,80.4,72.9,70.2,69.2,66.9,61.1,49.1,68.0,91.1,73.9,69.7,27.4,23.0,24.5,49.5,49.5,47.7,28.7,34.1,28.3,37.4,30.1,26.7,42.5,37.7,18.1,21.5,16.2,5.3,5.8,4.8,72.7,80.3,71.3,8.4,11.2,78.4,47.1,61.8,79.4,79.3,82.9,86.0,84.3,87.1,84.9,54.3,62.1,61.6,88.0,70.0,0.0,0.0,0.0,0.0,18.8,23.1,1.0,0.7,0.3,7.0,69.2,69.9,12.8,12.6,0.0,0.0,25.0,23.5,50.0,50.0,137.7,130.7,477.5,444.2,1280.7,1368.4,117.0,84.0,66.0,44000.0,39950.0,70000.0,101.0,59.0,40.0,58.4,18.3,71.4,60.6,2.8,1.4,1.8,39.2,38.2,37.2,15.9,16.3,16.4,2976.0,2976.0,2980.0,47.4,53.8,320.6,305.7,25.5,25.2,20.8,3.8,2.5,3.7,0.3,0.3,16.4,16.1,16.0,8.8,8.4,8.1,9.8,11.1,0.0,1.3,80.3,83.0,42.9,58.8,84.2,91.8,127.5,4.5,5.1,7.8,48.8,17.8,28.0,3.8,16.6,32.9,28.4,22.1,42.9,35.0,17.0,59.0,31.8,48.7,0.2,0.1,0.1,74.2,4.3,1.5,52.1,12.1,36.3,19.0,24.2,55.8,19.9,49.9,43.2,145.0,143.0,140.0,6.9,7.0,3.6,0.0,0.1,246.0,160.0,166.0,2398.0,1372.0,1337.0,238.0,155.0,161.0,6.5,11.3,7.2,16.7,16.3,19.9,30.1,30.0,30.1,180.0,113.0,116.0,18.6,11.7,12.0,1322.0,533.0,492.0
Pimlico/Arlington/Hilltop,0.3,0.2,7.0,4.0,163.1,202.1,11816.0,5458.0,6358.0,94.4,2.8,0.2,1.2,0.3,1.1,12.0,6.3,16.8,9.7,49.9,17.3,4464.0,63.3,31.7,2.7,30030.99,45.3,14.5,16.0,11.1,13.1,22.6,45.0,58.1,54.6,57.0,23.4,16.7,18.7,37.9,38.3,64.6,10.5,35.5,51.1,50.9,2.7,100.5,188.3,37.4,0.3,0.4,821.0,830.0,769.0,465.0,441.0,440.0,714.0,718.0,632.0,773.0,742.0,410.0,429.0,653.0,610.0,98.4,97.8,97.9,0.3,0.8,0.7,0.3,0.5,0.7,13.3,14.2,9.9,13.1,17.2,10.7,45.1,44.4,41.9,9.0,8.7,8.7,87.8,85.8,79.5,17.9,16.6,17.4,75.2,56.7,77.7,64.3,67.8,71.9,61.7,67.3,55.5,56.9,65.9,81.1,81.1,67.4,24.8,30.1,33.3,54.2,60.3,59.0,35.8,41.6,37.6,42.1,38.4,34.6,45.8,50.5,25.8,30.2,19.6,5.7,5.0,3.4,80.4,85.2,86.8,7.3,8.8,92.2,63.7,46.6,53.9,83.4,83.1,84.8,84.7,84.4,81.2,51.0,57.8,52.9,0.0,161.0,236.0,0.0,3.1,0.0,11.8,12.7,1.1,1.0,1.6,9.8,68.6,69.1,18.9,21.0,1.9,1.0,23.2,19.6,44.4,41.3,155.3,157.7,423.3,413.4,1446.4,1482.1,72.0,67.0,38.0,48094.0,21500.0,18653.0,80.0,52.0,41.0,52.2,44.6,82.1,85.7,2.3,0.9,2.0,56.1,54.5,54.1,10.0,10.0,10.5,3980.0,3962.0,3940.0,46.7,53.1,268.3,207.4,60.1,49.7,0.0,1.7,1.5,1.7,0.0,0.3,13.1,13.0,13.2,23.9,22.4,4.3,6.5,5.9,2.5,2.0,77.2,78.9,41.1,53.7,79.1,73.5,70.8,4.1,8.0,9.2,50.8,14.9,28.4,4.6,9.8,38.4,27.2,24.6,22.9,12.0,16.0,57.3,26.3,38.1,0.7,0.5,0.3,65.9,2.0,1.4,50.9,12.3,36.9,19.6,25.7,66.2,8.1,55.7,50.1,207.0,207.0,208.0,22.7,23.7,14.4,0.2,0.1,360.0,332.0,371.0,4281.0,3358.0,4629.0,349.0,321.0,344.0,7.2,6.9,9.4,23.9,13.9,20.8,34.7,34.3,38.3,299.0,277.0,301.0,25.3,23.4,25.5,3796.0,2905.0,4095.0
Poppleton/The Terraces/Hollins Market,0.2,0.2,15.0,15.0,277.6,288.8,5086.0,2403.0,2683.0,82.9,12.7,1.0,1.4,0.4,1.7,30.9,7.4,18.1,10.5,54.6,9.3,2181.0,74.8,30.5,2.2,19277.12,62.9,13.5,6.1,5.0,12.5,45.9,71.9,80.2,89.9,69.8,26.5,30.1,22.8,59.8,47.0,111.9,19.9,48.7,64.5,68.6,2.8,157.3,208.6,51.9,0.2,0.2,411.0,360.0,350.0,236.0,202.0,198.0,299.0,305.0,290.0,337.0,342.0,190.0,192.0,279.0,280.0,95.9,95.4,95.8,2.0,2.8,2.6,0.5,1.2,1.0,14.1,27.8,19.1,21.2,18.8,22.2,50.2,45.9,46.6,10.7,10.8,11.3,91.2,88.7,84.1,22.9,17.6,21.0,56.0,48.7,73.2,59.7,60.0,65.9,66.1,58.6,68.7,62.9,55.0,86.6,72.1,68.9,19.2,28.8,32.2,50.0,50.0,52.5,24.4,33.3,24.2,44.4,31.3,32.3,47.3,49.4,25.6,18.6,20.2,5.2,3.3,4.0,75.0,77.4,76.2,10.5,11.1,92.0,65.5,89.3,53.6,89.0,92.3,82.4,84.9,91.0,83.8,53.4,48.7,67.6,88.0,117.0,131.0,0.0,0.0,0.0,17.6,26.1,2.0,1.8,3.9,8.5,64.7,67.1,14.1,10.1,4.0,2.0,23.9,21.2,49.3,37.0,217.2,197.4,574.0,514.8,1611.1,1666.7,41.0,31.0,39.0,48000.0,69900.0,69000.0,115.5,53.0,42.0,37.9,26.1,58.6,52.2,3.0,1.5,1.4,33.4,31.2,30.8,11.2,11.0,10.6,1367.0,1370.0,1369.0,39.1,59.3,132.9,144.6,7.3,8.0,28.5,2.6,8.3,2.6,0.0,1.5,18.7,16.6,15.3,39.7,34.9,7.2,9.5,21.1,25.6,31.4,74.3,83.3,36.5,53.4,57.0,104.6,121.9,3.2,5.1,5.9,38.7,4.3,40.0,15.5,22.2,28.5,17.0,32.3,13.9,13.0,14.0,60.0,34.4,61.5,0.2,9.0,24.9,89.5,1.1,1.4,50.9,9.9,40.1,16.6,28.6,54.9,16.5,49.0,55.5,233.0,233.0,236.0,9.0,11.6,4.2,0.2,0.4,149.0,134.0,148.0,1203.0,1081.0,1180.0,145.0,131.0,144.0,12.8,6.7,10.1,30.2,20.9,20.9,40.9,41.8,43.2,110.0,93.0,96.0,21.6,18.3,18.9,831.0,680.0,667.0
Sandtown-Winchester/Harlem Park,0.0,0.1,0.0,2.0,276.5,257.7,14896.0,6810.0,8086.0,96.6,1.1,0.3,1.0,0.2,0.7,7.3,7.5,18.3,11.5,50.9,11.8,5541.0,73.4,34.8,2.6,24006.35,51.2,19.0,14.3,7.5,8.0,35.4,54.8,69.5,64.2,63.3,27.1,21.5,23.0,42.6,40.3,211.6,21.8,107.9,59.5,67.9,6.4,156.0,464.8,39.4,0.6,0.6,1184.0,1090.0,1108.0,617.0,529.0,555.0,1105.0,924.0,838.0,1037.0,1075.0,514.0,541.0,840.0,808.0,98.3,98.8,98.7,0.6,0.5,0.5,0.1,0.5,0.6,13.7,21.8,14.1,18.3,19.7,15.5,41.9,51.3,49.3,9.6,9.1,10.6,89.4,89.4,82.2,17.7,16.8,17.5,69.3,70.3,71.2,59.8,57.1,65.4,56.4,54.8,58.8,47.6,66.5,75.4,67.9,69.9,22.3,22.4,29.4,39.6,49.0,47.2,29.6,28.9,29.1,32.9,30.6,31.1,46.4,37.7,22.8,17.8,22.0,6.6,6.7,4.5,75.5,73.5,80.5,10.6,11.3,79.7,69.8,61.9,73.0,80.4,82.1,81.3,86.8,85.4,82.8,58.3,59.2,62.2,203.0,99.0,95.0,6.9,0.0,7.4,22.3,25.0,1.5,1.5,1.0,9.4,67.5,68.8,16.8,13.2,3.4,2.8,23.1,19.0,56.1,44.3,158.5,165.5,483.8,466.5,1243.0,1282.9,107.0,120.0,68.0,12886.0,26000.0,34500.0,90.0,55.5,41.0,46.1,26.4,92.1,88.7,1.6,0.8,1.1,33.0,31.4,31.0,11.9,12.4,12.7,6076.0,6079.0,6070.0,36.7,57.0,175.5,159.5,13.5,12.2,0.2,1.6,1.0,1.2,0.0,0.2,31.0,32.6,33.1,21.1,21.3,10.5,10.2,16.3,0.5,2.6,79.6,75.7,35.0,49.0,157.7,152.7,205.5,5.2,7.9,12.9,44.7,7.4,42.7,3.6,13.1,24.9,30.2,31.8,15.4,30.0,13.0,66.5,26.8,58.9,0.3,0.3,0.3,72.7,0.5,1.6,48.2,15.2,37.1,24.2,33.7,60.7,5.6,51.3,47.0,190.0,192.0,188.0,14.2,22.4,7.4,0.0,0.0,246.0,221.0,249.0,1730.0,1551.0,1797.0,238.0,214.0,240.0,11.8,9.0,10.4,23.6,16.3,22.9,33.7,29.9,37.3,199.0,188.0,202.0,13.4,12.6,13.6,1017.0,1018.0,1068.0
South Baltimore,0.3,0.2,42.0,39.0,141.9,210.7,6406.0,3263.0,3143.0,2.7,90.3,2.7,1.5,0.3,2.6,19.4,5.6,5.0,10.4,70.9,8.2,3107.0,18.1,14.6,2.1,85172.62,13.4,9.3,15.9,10.7,50.7,5.6,9.0,35.6,25.1,53.2,3.0,3.3,3.4,21.8,49.8,69.9,10.8,0.0,19.4,22.1,0.2,28.8,21.5,21.5,0.0,0.0,132.0,120.0,114.0,55.0,54.0,64.0,76.0,63.0,63.0,109.0,113.0,48.0,64.0,58.0,59.0,11.0,7.4,8.9,78.9,82.4,84.4,3.9,5.4,2.9,15.9,5.0,7.9,27.3,20.4,21.9,42.1,34.9,33.3,2.6,1.9,3.9,59.4,63.7,55.2,21.1,16.3,15.2,73.3,92.1,100.0,96.0,94.4,94.4,92.0,88.9,81.8,73.9,100.0,86.4,95.5,86.7,45.0,58.3,73.3,75.0,83.3,80.0,53.6,47.6,57.1,47.6,44.4,50.0,72.2,57.1,54.8,33.3,26.7,2.9,4.8,3.2,87.5,81.8,84.2,3.0,1.2,37.0,0.0,30.8,15.4,97.1,90.2,92.6,95.1,91.7,94.9,71.8,70.5,80.9,121.0,97.0,72.0,0.0,0.0,0.0,1.6,1.2,2.2,3.6,0.7,18.1,74.9,75.0,5.7,5.2,4.0,4.0,2.7,2.7,8.5,10.3,95.7,86.1,470.3,465.9,1761.2,1850.7,186.0,179.0,196.0,250500.0,250000.0,246750.0,82.0,59.0,31.0,8.5,7.1,19.2,18.0,1.4,0.4,0.7,71.1,70.0,69.8,4.2,3.7,2.6,3307.0,3311.0,3374.0,34.8,34.2,452.4,382.6,53.5,50.4,1.2,6.0,5.4,7.3,3.0,8.6,1.0,0.5,0.2,0.0,0.0,0.2,0.5,0.7,0.9,0.3,76.5,76.9,46.6,56.6,15.8,19.5,28.3,5.4,4.3,4.8,77.0,6.6,5.4,8.7,29.9,38.8,17.7,13.5,5.2,6.0,13.0,74.7,17.6,8.4,0.0,0.0,0.0,44.6,1.6,2.3,81.4,7.2,12.0,8.2,12.6,31.9,55.6,57.7,53.3,251.0,252.0,260.0,25.9,30.6,21.5,0.5,0.5,244.0,236.0,258.0,7213.0,7142.0,9151.0,227.0,223.0,237.0,8.2,6.4,7.0,17.6,11.9,17.1,32.8,28.4,29.1,152.0,155.0,168.0,13.7,14.0,26.2,2357.0,5967.0,7854.0
Southeastern,0.6,0.6,9.0,17.0,173.8,156.1,6260.0,2972.0,3288.0,25.4,49.2,1.8,2.2,1.5,19.9,73.4,8.0,15.1,10.4,53.7,12.8,2452.0,50.8,31.8,2.6,30968.12,47.7,20.7,14.7,4.8,12.0,24.1,41.6,57.8,67.7,61.8,10.7,14.5,13.6,53.2,48.2,20.1,3.7,9.2,59.4,63.9,1.1,4.6,42.5,79.4,0.0,0.0,362.0,354.0,337.0,192.0,164.0,166.0,239.0,199.0,174.0,319.0,315.0,148.0,152.0,181.0,158.0,54.0,52.3,50.9,18.7,21.2,20.5,22.2,24.4,26.3,6.9,13.8,5.6,10.4,12.8,5.4,33.9,49.7,47.7,6.1,6.6,6.5,82.5,88.6,81.6,19.2,17.6,18.4,68.9,89.9,79.4,72.3,66.7,58.8,66.2,63.1,88.1,56.1,70.2,86.4,66.7,70.8,53.6,53.3,51.2,73.2,75.6,69.8,38.4,40.6,27.8,43.5,43.6,43.9,31.7,26.9,21.9,20.6,27.8,5.0,2.5,9.9,81.4,82.0,75.8,6.3,6.2,93.2,68.0,68.0,43.7,83.0,89.1,88.1,83.0,89.1,89.8,50.9,55.4,57.6,202.0,65.0,64.0,0.0,0.0,0.0,7.4,8.8,2.6,2.4,0.8,7.2,73.5,74.0,9.1,9.0,0.0,1.8,13.6,6.8,29.1,27.9,122.1,122.1,380.8,389.8,1323.3,1172.9,49.0,46.0,37.0,79000.0,90000.0,70000.0,86.5,67.0,80.0,25.5,12.5,41.2,47.5,1.6,1.2,1.0,69.2,62.8,65.5,5.0,4.9,5.8,1841.0,1821.0,1820.0,43.5,58.7,575.5,559.3,92.8,90.1,0.5,2.0,2.3,1.2,0.6,0.0,0.5,0.7,0.9,0.0,5.9,0.7,2.0,5.2,0.6,1.1,59.7,55.5,33.8,30.4,28.0,25.2,31.0,10.2,8.0,5.6,64.7,10.0,16.9,6.8,23.0,36.9,21.0,19.2,5.0,2.0,16.0,75.1,17.9,35.0,0.0,0.1,0.1,25.8,3.5,1.4,58.0,9.2,33.2,13.9,30.0,60.4,9.6,59.6,55.6,429.0,429.0,434.0,11.0,13.5,16.8,0.5,0.6,388.0,413.0,428.0,19662.0,13684.0,13550.0,353.0,381.0,392.0,7.0,8.7,6.1,17.8,17.2,17.3,32.2,33.2,32.0,180.0,200.0,204.0,28.8,31.9,32.6,2783.0,3093.0,3077.0
Southern Park Heights,0.0,0.2,0.0,3.0,183.6,187.5,13284.0,6037.0,7247.0,95.7,1.6,0.2,1.1,0.4,0.9,9.3,8.2,17.7,11.1,50.6,12.5,4739.0,68.7,38.3,2.7,26949.47,46.5,15.0,20.2,6.8,11.6,34.4,48.2,59.5,55.0,55.9,18.7,18.1,18.8,37.0,37.0,67.6,15.7,29.4,57.1,64.1,4.6,106.1,116.7,38.5,0.3,0.7,854.0,765.0,799.0,482.0,407.0,430.0,848.0,704.0,664.0,716.0,774.0,385.0,421.0,625.0,637.0,97.8,98.5,97.9,0.3,0.4,0.5,0.5,0.6,0.9,14.4,19.1,18.1,14.5,18.9,13.5,47.1,45.0,45.3,7.8,8.0,8.7,87.5,88.6,80.7,19.7,17.1,17.7,62.0,79.8,80.9,72.1,66.1,76.5,66.7,52.0,51.2,64.1,55.3,76.0,72.0,69.3,33.8,29.0,38.4,52.0,62.3,49.6,31.6,32.5,31.2,41.0,34.3,29.8,41.1,41.4,24.0,21.5,19.7,5.9,7.8,4.0,81.3,70.5,82.1,8.2,11.5,82.7,78.2,72.6,54.0,85.4,91.6,84.3,87.7,91.1,83.3,52.4,47.5,48.1,0.0,297.0,0.0,0.0,0.0,0.0,14.1,17.5,0.8,0.8,0.8,11.7,68.3,69.2,14.4,14.3,6.1,4.6,20.8,17.9,43.9,42.0,145.8,144.1,454.8,429.8,1536.2,1536.2,107.0,83.0,50.0,21000.0,18800.0,19553.0,82.0,56.5,40.0,52.7,23.2,91.9,73.2,1.9,0.9,1.3,48.3,46.0,46.1,11.9,12.1,14.0,4037.0,4030.0,4006.0,45.0,56.3,295.3,272.8,32.8,34.2,0.0,2.2,1.6,1.6,0.0,0.2,17.7,17.4,17.1,27.8,25.5,8.4,10.2,10.7,7.9,3.5,79.8,73.8,38.0,49.2,77.9,84.8,108.9,2.6,6.2,7.5,50.0,10.4,34.7,3.8,11.6,29.6,28.5,30.3,29.3,16.0,16.0,66.2,22.1,41.7,1.3,0.3,0.4,53.2,2.0,1.1,47.3,17.0,35.6,26.5,28.0,63.0,9.0,55.2,51.8,179.0,180.0,180.0,6.7,5.6,3.9,0.0,0.0,203.0,188.0,204.0,1708.0,1582.0,1590.0,196.0,181.0,197.0,9.4,8.5,10.3,21.2,16.0,21.1,36.5,31.9,34.3,147.0,137.0,145.0,11.1,10.3,10.9,890.0,841.0,829.0
Southwest Baltimore,0.2,0.1,11.0,6.0,205.9,202.8,17885.0,8685.0,9200.0,75.8,16.8,1.1,2.1,0.6,3.6,43.1,8.0,19.1,11.0,52.0,10.0,6288.0,63.5,36.4,2.8,28085.24,44.9,19.9,15.0,7.0,13.2,29.1,42.0,79.3,82.7,76.0,28.8,24.9,24.8,57.8,51.2,132.7,15.8,81.4,72.0,77.2,4.1,173.8,259.8,46.4,0.5,0.4,1663.0,1371.0,1327.0,813.0,676.0,644.0,1154.0,1027.0,945.0,1251.0,1271.0,625.0,619.0,935.0,912.0,86.1,85.0,85.1,9.1,10.3,9.6,2.3,3.0,3.5,14.9,22.0,17.1,20.0,21.7,20.8,43.6,57.8,52.1,9.1,8.9,8.5,90.9,90.8,83.3,20.2,19.3,18.5,56.1,68.0,71.1,65.4,65.9,68.9,65.3,55.0,74.7,60.7,61.4,80.3,74.0,67.9,22.2,26.1,31.5,42.5,60.0,48.1,27.4,34.4,27.2,38.1,31.4,34.1,46.3,43.2,21.9,21.2,20.5,3.0,5.6,4.8,71.7,80.9,76.2,10.4,11.5,88.8,82.4,75.8,66.7,85.8,85.5,86.4,87.0,86.1,88.5,50.0,45.7,51.2,506.0,72.0,296.0,5.3,6.9,3.7,19.7,23.5,2.5,2.6,2.2,10.3,67.3,67.8,14.2,15.0,5.4,5.4,22.0,22.0,48.1,44.1,177.6,169.6,481.6,473.9,1333.3,1315.8,187.0,153.0,119.0,22500.0,17000.0,21150.0,88.5,57.5,38.0,51.1,27.6,90.0,92.4,2.5,0.9,1.2,29.4,27.2,26.5,14.7,14.2,14.5,8243.0,8254.0,8227.0,33.7,56.5,202.5,175.6,18.3,15.8,4.0,1.7,1.5,1.3,0.2,0.1,25.2,25.0,25.9,10.7,10.8,7.9,9.8,10.1,4.4,4.0,70.1,70.5,33.4,41.2,253.6,195.5,217.9,5.4,8.9,9.3,42.9,10.3,38.2,5.8,12.1,32.6,27.9,27.4,14.1,102.0,14.0,64.6,25.0,52.2,0.4,0.4,0.2,77.4,0.8,2.8,50.9,17.0,32.7,25.3,31.1,59.4,9.6,56.9,60.1,700.0,698.0,697.0,3.0,3.6,3.7,0.0,0.1,452.0,442.0,478.0,3938.0,4148.0,3386.0,443.0,431.0,465.0,9.3,10.9,9.0,20.6,18.6,23.8,33.4,34.4,36.6,324.0,326.0,344.0,18.1,18.2,19.2,2564.0,2689.0,1762.0
The Waverlies,0.0,0.1,0.0,2.0,359.0,345.7,7753.0,3413.0,4340.0,78.7,15.0,1.5,1.8,0.5,2.4,37.5,6.7,15.4,9.3,56.0,12.6,3279.0,59.7,28.8,2.4,31385.59,40.7,19.9,14.0,7.7,17.7,21.6,48.4,70.6,78.4,80.4,18.4,18.6,20.6,59.8,59.7,44.2,10.7,12.0,61.1,68.7,4.1,95.6,53.3,64.9,0.4,0.8,465.0,504.0,470.0,284.0,283.0,267.0,468.0,426.0,395.0,475.0,456.0,266.0,261.0,380.0,377.0,95.1,93.1,93.6,1.6,3.7,2.8,1.4,2.0,2.6,10.5,20.4,13.6,13.0,19.4,13.1,39.7,43.2,38.2,8.5,7.8,8.1,83.4,83.3,75.2,16.3,15.2,15.6,64.4,74.1,81.7,69.2,75.6,81.7,62.8,65.1,60.6,69.8,76.7,71.8,69.8,73.6,23.8,35.2,48.8,51.3,64.1,76.3,35.6,37.9,37.5,45.9,30.1,38.1,51.0,50.4,20.5,19.4,17.4,3.0,3.3,4.2,75.6,82.5,77.6,8.2,9.1,88.5,53.6,35.7,62.5,82.1,89.2,88.6,83.8,92.8,87.6,55.6,63.1,68.6,100.0,72.0,166.0,0.0,0.0,0.0,11.8,12.0,1.2,0.6,0.6,15.1,72.2,72.0,13.5,14.0,1.5,1.5,23.7,23.7,30.4,30.4,114.1,121.7,378.7,383.2,1346.9,1265.3,74.0,60.0,50.0,84950.0,56100.0,74000.0,97.5,42.0,63.0,43.1,15.2,51.7,65.2,2.3,1.3,1.6,63.5,61.5,61.1,6.4,6.3,6.8,2692.0,2692.0,2690.0,40.3,62.2,541.2,514.1,44.6,45.0,1.1,2.4,2.0,2.4,0.4,0.7,3.5,3.7,3.9,7.9,3.8,4.0,4.5,3.2,0.4,3.7,87.2,87.7,46.9,60.2,84.2,80.7,87.3,8.1,11.2,9.9,49.9,16.8,27.0,2.6,11.6,39.9,24.5,24.0,19.5,9.0,14.0,65.0,23.8,40.7,0.2,0.3,0.3,76.6,2.2,3.7,65.8,11.9,22.5,15.4,20.2,58.3,21.4,47.8,55.6,172.0,172.0,173.0,6.4,6.4,6.9,0.0,0.0,170.0,164.0,184.0,1972.0,1955.0,2059.0,163.0,157.0,175.0,4.7,9.1,9.8,18.2,15.2,21.2,33.5,32.9,36.4,114.0,113.0,127.0,14.7,14.6,16.4,858.0,842.0,910.0
Upton/Druid Heights,0.2,0.1,6.0,4.0,254.3,285.3,10342.0,4621.0,5721.0,92.4,3.9,0.6,1.4,0.4,1.4,15.4,9.2,19.9,12.1,48.6,10.1,4439.0,77.4,32.1,2.4,14784.62,66.3,9.4,9.9,6.7,7.6,49.5,55.1,65.2,76.2,87.4,27.3,23.2,28.7,53.0,58.7,250.2,33.4,137.8,64.9,62.9,3.7,147.0,215.5,43.0,0.3,0.9,911.0,857.0,900.0,309.0,411.0,406.0,632.0,574.0,543.0,822.0,886.0,398.0,399.0,509.0,526.0,98.3,98.2,98.4,0.2,0.7,0.5,0.1,0.5,0.6,8.3,20.4,17.6,22.3,15.8,22.2,49.8,55.1,51.6,12.0,11.4,13.4,92.7,93.8,86.4,17.2,18.3,17.7,67.3,78.1,70.9,64.2,63.2,64.5,62.9,57.9,64.5,60.2,63.4,69.1,66.2,72.2,13.6,18.9,17.9,38.6,43.4,37.1,24.7,29.7,30.7,30.6,29.1,31.6,38.0,37.4,18.9,15.1,18.1,3.6,4.2,5.2,76.2,79.5,75.7,10.0,10.7,76.1,97.4,92.1,76.3,88.3,82.4,86.6,88.3,82.4,88.1,60.8,49.7,57.2,85.0,0.0,68.0,0.0,0.0,0.0,23.8,27.6,0.9,1.0,1.8,9.8,66.1,67.3,14.1,10.3,1.7,3.3,27.2,22.5,51.7,49.3,184.5,172.6,515.0,489.3,1607.1,1607.1,61.0,59.0,59.0,20100.0,30000.0,50000.0,117.0,88.0,80.0,51.1,20.0,76.6,52.7,2.5,0.7,1.2,32.4,31.4,31.5,11.6,12.1,11.1,2179.0,2159.0,2153.0,29.6,57.8,192.7,173.7,11.1,12.1,0.0,5.0,2.1,2.4,0.0,0.5,35.5,34.0,34.3,45.2,45.2,11.3,12.1,19.1,2.3,1.4,79.1,81.0,35.2,52.9,52.1,58.9,76.8,2.0,4.4,6.2,40.2,8.8,41.7,7.6,16.6,31.8,19.9,31.7,14.5,106.0,15.0,53.4,36.6,65.6,0.2,0.8,3.1,83.7,0.7,1.8,38.5,16.2,45.6,29.9,36.0,54.1,9.9,50.1,55.1,315.0,312.0,312.0,7.6,6.1,4.2,0.0,0.0,314.0,298.0,304.0,2747.0,2662.0,2885.0,301.0,287.0,270.0,9.9,8.7,5.6,19.7,14.8,16.8,28.3,27.5,28.3,203.0,199.0,194.0,17.0,16.7,18.8,1151.0,1265.0,1243.0
Washington Village/Pigtown,0.5,0.7,56.0,57.0,318.9,301.8,5503.0,2743.0,2760.0,49.0,39.1,5.3,2.5,0.7,3.4,61.2,7.2,13.8,11.3,59.5,8.1,2273.0,56.1,28.3,2.4,44933.22,30.5,14.4,20.6,11.1,23.4,25.3,35.1,123.9,111.2,121.4,25.4,26.3,23.1,84.9,98.3,91.7,17.9,38.0,83.0,80.1,3.8,151.0,147.0,123.8,0.5,0.0,294.0,311.0,341.0,172.0,162.0,165.0,234.0,219.0,203.0,293.0,296.0,150.0,156.0,203.0,195.0,75.7,76.6,77.0,18.9,17.2,15.4,1.1,2.1,2.6,12.6,17.4,14.4,16.9,29.0,23.6,39.3,47.5,41.4,9.7,9.5,8.9,87.4,87.8,81.1,15.0,15.6,16.6,64.6,82.2,69.6,82.7,72.9,60.7,82.7,60.3,76.6,64.5,67.9,78.7,78.7,71.2,16.0,20.0,41.7,52.0,66.7,68.8,44.1,41.3,36.8,38.5,43.3,28.8,50.7,40.7,19.8,12.2,23.2,8.1,3.7,5.3,77.4,79.3,75.0,7.7,9.1,77.0,69.8,64.0,46.5,84.8,89.0,80.7,92.9,90.2,88.6,65.7,59.8,67.0,0.0,0.0,50.0,0.0,0.0,0.0,9.3,13.1,3.5,3.1,2.2,9.8,70.3,69.8,13.9,13.3,0.0,2.3,14.7,17.1,30.0,28.1,122.4,124.1,547.3,577.1,1377.8,1333.3,109.0,86.0,79.0,70000.0,58450.0,92000.0,99.5,57.0,49.0,54.5,9.6,60.4,62.5,2.6,2.9,2.6,46.5,43.7,42.9,12.5,12.0,12.7,2752.0,2758.0,2760.0,42.6,54.9,378.5,326.1,37.4,38.0,4.0,4.0,3.0,3.3,0.0,0.0,8.7,7.9,7.9,6.4,5.0,2.7,3.0,2.7,0.0,2.2,67.7,69.0,39.2,47.3,193.2,206.4,225.5,6.7,9.4,10.9,65.1,6.2,15.6,8.9,30.6,30.4,19.6,19.4,11.5,15.0,13.0,69.7,21.8,26.8,0.2,0.1,0.2,70.6,0.5,4.1,63.0,9.0,28.4,12.7,22.8,44.6,32.5,57.3,53.6,342.0,341.0,338.0,14.6,15.2,13.6,0.4,0.4,350.0,323.0,367.0,8327.0,5908.0,7153.0,320.0,300.0,328.0,8.0,5.3,9.5,14.9,11.5,20.7,28.3,26.0,31.1,183.0,173.0,187.0,33.3,31.4,34.0,1619.0,3061.0,3647.0
Westport/Mount Winans/Lakeland,0.3,0.3,12.0,12.0,155.5,149.0,7119.0,3447.0,3672.0,65.5,17.2,2.0,1.8,0.4,13.1,62.0,8.7,20.7,10.9,51.3,8.4,2499.0,55.4,42.3,2.8,42726.73,33.8,14.6,20.1,7.0,24.4,23.6,33.1,78.5,79.8,76.6,19.5,18.3,17.7,61.5,58.9,41.9,4.7,15.1,52.8,63.1,1.7,113.8,38.2,73.7,0.0,0.6,499.0,645.0,620.0,300.0,300.0,296.0,439.0,384.0,377.0,583.0,593.0,269.0,285.0,344.0,361.0,82.4,77.4,74.7,6.3,7.5,7.1,9.9,14.2,17.0,13.6,17.5,11.0,18.0,14.7,14.9,39.0,45.3,42.4,6.1,6.6,6.7,88.0,87.0,82.2,18.2,17.5,15.9,75.8,69.7,88.0,76.5,81.3,85.9,69.5,60.7,88.9,56.1,63.9,81.9,66.7,76.9,36.0,41.2,44.3,53.0,65.2,62.1,33.9,37.7,31.9,38.3,36.2,38.5,49.2,48.1,30.1,18.2,19.5,3.6,3.6,3.6,80.5,83.1,77.4,7.8,7.5,97.1,64.9,99.2,30.5,86.8,82.5,85.7,92.6,83.2,86.6,47.1,51.8,57.1,208.0,232.0,232.0,0.0,0.0,0.0,10.8,12.9,0.8,0.8,2.2,14.4,74.5,72.8,17.0,12.7,0.0,0.0,19.8,18.0,23.8,27.8,88.1,96.6,351.0,453.4,1254.9,1294.1,53.0,33.0,32.0,62250.0,39000.0,52900.0,103.0,48.0,51.0,37.8,17.1,71.1,73.2,2.5,0.8,2.0,55.8,52.6,51.8,6.6,6.3,7.8,2146.0,2137.0,2133.0,44.0,47.2,485.7,453.4,56.2,51.6,12.2,1.8,1.2,0.8,0.0,1.4,8.1,8.4,8.6,39.7,39.7,3.5,6.5,6.1,0.5,1.9,62.3,62.2,38.3,39.6,67.3,73.9,59.4,1.6,6.0,4.8,64.7,15.2,16.3,2.0,15.5,40.6,24.5,19.4,22.1,6.0,17.0,67.3,27.9,19.6,9.4,2.6,0.3,45.5,0.2,1.7,61.2,9.4,29.6,13.3,30.6,60.6,8.9,64.5,60.9,253.0,253.0,253.0,13.4,11.1,4.3,0.1,0.0,247.0,243.0,244.0,3592.0,3612.0,3443.0,229.0,224.0,226.0,11.3,7.8,6.1,20.6,16.0,16.4,33.2,28.8,29.1,147.0,146.0,147.0,20.6,20.5,20.6,1747.0,1668.0,1513.0
Baltimore City,0.4,0.5,2727.0,2894.0,249.3,299.1,620961.0,292249.0,328712.0,63.8,28.3,2.3,1.7,0.5,4.2,54.5,6.6,14.9,12.6,54.2,11.7,249903.0,54.9,28.4,2.4,40803.0,34.9,16.1,16.2,9.1,23.7,18.8,33.4,61.4,63.6,61.8,15.6,15.1,14.7,48.5,47.0,79.2,16.6,30.3,50.5,53.7,2.3,85.4,90.0,54.4,0.2,0.3,32735.0,33791.0,32791.0,18778.0,17999.0,17463.0,28653.0,26983.0,24707.0,31234.0,31604.0,16659.0,16986.0,24311.0,23706.0,87.3,85.9,85.1,7.3,8.2,8.1,2.9,4.1,4.8,12.3,16.6,12.7,16.9,16.7,15.1,39.7,42.1,40.4,8.7,7.9,8.3,83.2,82.8,76.2,17.3,16.3,16.5,66.2,73.1,77.5,73.3,73.6,72.5,69.4,65.5,70.9,64.7,70.4,80.4,76.1,75.8,31.0,35.1,39.5,52.0,61.2,58.8,37.3,36.2,34.0,42.7,36.2,36.4,48.8,45.4,25.9,22.5,21.0,3.9,4.2,4.1,78.4,80.3,80.3,7.2,7.1,87.9,51.1,46.6,41.5,86.5,87.4,86.6,88.3,88.4,88.2,57.0,59.0,62.7,19702.0,19036.0,18723.0,1.6,1.4,1.2,9.4,11.0,1.3,1.2,1.4,10.3,73.5,73.9,11.7,9.7,11.7,2.5,2.8,11.9,27.3,24.0,117.9,114.1,393.7,373.8,1315.0,1231.5,5913.0,5188.0,5166.0,115000.0,100000.0,135000.0,100.5,60.0,43.0,33.1,13.9,50.8,44.4,2.2,1.0,1.4,60.2,57.6,57.8,7.5,7.5,7.5,202265.0,202309.0,202387.0,40.6,53.2,481.8,441.3,49.5,46.0,6.0,2.5,2.4,2.6,0.7,0.9,7.9,7.8,8.0,19.7,18.6055182699478,3.8,4.7,4.7,1.6,1.9,75.0,74.7,44.4,51.5,75.8,65.3,70.5,4.9,6.4,6.2,61.3,11.0,18.8,6.7,17.8,38.4,23.7,20.1,27.4,918.0,16.0,65.0,24.7,30.0,0.5,1.1,0.6,52.4,127.0,2.3,61.0,9.8,29.4,13.9,20.4,53.5,26.1,54.2,53.8,15828.0,15741.0,15609.0,12.4,13.6,14.4,0.2,0.2,20243.0,19318.0,20403.0,377092.0,342817.0,341911.0,19321.0,18503.0,19265.0,8.0,8.1,7.9,20.0,14.8,18.7,34.2,31.6,32.6,14116.0,13621.0,14095.0,22.7,21.9,22.7,204596.0,191144.0,191306.0
